,ORIGIN,1,2,3,4,5,6,7,8,9,10,11,12,13,14,15,16,17,18,19,20,21,22,23,24,25,26,27,28,29,30,31,32,33,34,35,36
0,IAH,14581,13411,15369,13698,15320,15117,15609,14688,13496,14742,14050,14129,13376,12231,14045,13507,14415,14199,14029,13419,12167,13211,12707,12527,11660,11094,11780,11174,11840,11747,11683,11677,10780,11571,10886,11200
1,GEG,710,627,707,684,721,807,872,931,756,714,843,849,831,766,909,846,848,903,929,941,828,828,829,875,857,790,882,785,787,902,897,904,842,808,771,817
2,YUM,264,227,264,258,262,258,239,234,230,270,250,182,165,156,186,178,177,171,177,174,157,177,160,176,177,165,177,174,174,167,170,168,154,171,145,118
3,TUS,1450,1335,1536,1414,1424,1283,1287,1229,1246,1431,1400,1464,1453,1363,1628,1528,1476,1253,1251,1270,1168,1311,1354,1373,1419,1324,1488,1315,1276,1278,1327,1289,1171,1378,1423,1395
4,STL,4141,3706,4295,4198,4416,4672,5029,4714,4321,4573,4137,4216,4078,3639,4431,4332,4349,4441,4613,4457,4152,4314,4178,4293,4321,4069,4645,4535,4644,4721,4935,4876,4569,4768,4657,4830
5,SNA,3219,2912,3280,3215,3339,3343,3430,3370,3243,3376,3156,3258,3185,2943,3372,3311,3355,3370,3601,3613,3407,3542,3443,3587,3465,3274,3573,3478,3643,3606,3667,3777,3511,3609,3450,3529
6,CMH,2158,2021,2366,2275,2358,2441,2439,2277,2203,2264,2157,2122,2066,1920,2408,2263,2259,2331,2360,2251,2063,2188,2164,2102,1774,1717,1979,1798,1929,2065,2095,2024,1911,1934,1932,1984
7,LRD,201,182,199,198,201,201,203,206,200,206,194,207,208,184,209,202,202,202,207,205,197,203,196,190,162,159,173,163,201,151,198,206,186,191,179,154
8,GRI,58,52,57,56,57,56,58,56,56,58,54,58,61,56,62,56,57,56,58,57,56,57,55,60,0,0,0,0,0,0,49,58,56,57,43,57
9,CMI,182,164,207,206,211,206,211,208,202,209,202,208,208,188,186,176,179,176,179,195,200,206,220,209,0,0,0,0,0,0,0,0,0,0,0,0
10,BRO,206,187,217,196,230,202,208,203,193,205,191,206,204,201,243,214,223,236,236,232,188,204,187,198,187,187,204,174,200,258,207,193,152,140,62,79
11,INL,54,48,52,52,53,53,62,62,52,54,50,54,53,48,53,52,52,53,53,54,52,53,50,54,54,50,54,51,53,52,54,52,52,52,51,53
12,GRK,420,380,424,403,403,405,412,409,384,373,374,399,381,373,398,374,369,378,376,372,344,371,331,337,214,204,229,235,139,159,128,130,118,127,123,124
13,MSN,784,777,798,756,904,960,870,937,1032,974,971,857,822,788,866,756,850,913,925,881,848,838,744,742,576,585,594,653,586,668,692,705,673,661,594,545
14,SAF,145,128,152,150,154,169,213,202,180,187,172,143,119,120,152,179,182,184,156,139,97,93,86,90,58,74,91,89,89,116,121,116,107,110,106,135
15,ADK,9,8,9,8,9,9,9,9,8,9,9,8,9,8,9,9,9,8,9,9,8,9,9,9,9,8,9,8,9,9,9,8,9,9,8,9
16,MFR,276,241,273,266,267,266,248,247,249,272,249,265,223,187,213,205,229,210,245,250,238,243,230,246,235,219,214,227,266,260,274,278,266,252,230,245
17,MSO,230,195,269,224,283,360,483,485,376,229,126,172,137,113,150,146,178,234,302,283,230,171,128,176,181,163,230,154,239,259,345,332,246,162,168,203
18,SGU,150,136,150,146,145,146,146,203,145,151,141,140,146,136,177,176,181,150,153,155,171,203,171,161,153,160,182,175,180,162,159,163,173,181,198,193
19,WYS,0,0,0,0,0,66,70,72,61,0,0,0,0,0,0,0,0,51,53,54,50,0,0,0,0,0,0,0,6,51,58,57,52,0,0,0
20,TOL,69,80,88,86,87,86,87,87,86,89,83,88,89,80,89,86,87,90,91,93,87,88,84,86,0,0,0,0,0,0,0,0,0,0,0,0
21,BET,83,76,83,82,84,81,85,82,82,85,76,79,82,76,84,82,83,82,85,83,82,84,77,80,81,79,85,81,82,82,80,85,81,83,78,81
22,MSP,8085,7318,8628,8599,8840,9898,10130,10059,8849,9099,8292,8421,8903,8217,9946,10018,10485,11365,11814,11622,10138,10584,9826,9783,9581,9305,10845,10652,11005,11466,12254,12165,10600,11165,10235,9961
23,STT,417,393,463,382,333,354,376,322,177,238,331,410,476,430,488,475,410,384,396,351,184,237,313,441,448,440,531,492,430,429,464,401,251,300,339,481
24,HSV,535,486,595,552,561,554,523,535,551,494,477,473,418,371,430,431,436,447,424,441,380,390,359,382,314,309,361,326,348,355,355,366,350,368,328,289
25,XNA,826,800,955,896,915,948,970,943,812,847,795,772,765,740,882,830,831,901,933,907,902,941,814,778,367,407,481,499,540,537,514,536,508,525,449,416
26,DAY,769,703,788,807,886,845,910,882,780,810,713,736,783,753,819,770,811,824,907,870,703,753,724,712,572,485,547,518,521,602,604,578,597,575,498,401
27,ADQ,53,48,31,30,62,57,58,58,51,31,28,29,30,28,31,30,62,57,58,57,47,31,30,30,43,39,31,31,51,56,56,58,56,57,34,30
28,PWM,336,356,384,428,491,617,559,504,401,443,359,286,226,252,326,379,428,553,629,616,470,477,379,423,377,368,397,485,488,536,679,713,721,689,445,471
29,GRR,808,772,1005,1041,1051,993,1041,1029,955,924,936,955,1049,913,1072,1042,1097,978,978,1009,955,928,896,856,753,727,793,746,827,835,691,726,773,810,792,742
30,STX,89,76,86,80,80,77,79,73,60,62,75,89,91,81,93,88,88,96,101,85,60,68,70,86,98,94,106,104,101,98,103,92,60,66,86,104
31,BLI,76,68,97,84,94,66,58,89,56,45,89,101,94,84,107,93,93,19,0,31,0,0,88,102,95,86,104,88,88,12,0,0,0,0,60,73
32,BRW,78,71,80,77,80,77,79,80,78,79,75,78,80,72,80,76,80,78,79,80,77,81,76,77,80,75,79,78,80,76,80,80,77,80,76,79
33,SAN,6088,5484,6433,6253,6447,6748,7191,6924,6233,6526,6071,6333,6086,5480,6589,6422,6591,6767,7028,6877,6172,6209,5966,6229,6016,5686,6449,6373,6574,6870,7161,7116,6433,6645,6313,6547
34,MMH,67,60,67,26,0,0,0,0,0,0,0,21,36,41,53,9,0,0,0,0,0,0,0,17,32,32,34,3,0,0,0,0,0,0,0,16
35,TVC,130,125,93,110,215,210,367,386,239,197,253,215,197,194,246,238,195,305,380,380,230,208,197,194,95,145,134,129,139,243,426,352,182,145,106,129
36,DHN,116,104,119,115,115,114,116,116,116,120,111,116,116,106,120,115,116,116,118,117,109,118,112,115,116,103,119,115,118,116,115,120,112,119,109,115
37,MSY,3397,3159,3721,3540,3662,3383,3417,3218,2971,3341,3374,3307,3342,3248,3915,3752,3727,3504,3575,3419,3290,3663,3543,3489,3507,3465,3774,3681,3942,3602,3588,3541,3358,3750,3713,3588
38,RST,39,41,112,148,148,152,121,152,178,187,176,175,187,176,189,184,182,197,215,205,174,185,174,171,77,86,115,113,118,75,115,114,114,119,104,61
39,VEL,0,0,50,52,53,51,54,52,50,52,50,54,53,48,53,52,0,0,0,0,0,0,0,0,0,0,0,0,0,0,0,0,0,0,0,0
40,EVV,238,221,220,242,295,271,293,305,287,293,274,293,308,291,333,300,306,395,397,395,378,399,380,351,220,206,241,251,258,208,247,250,186,243,225,205
41,RSW,2801,2844,3774,2828,2010,1634,1602,1497,1324,1707,2135,2485,3107,3107,4079,3049,2163,1721,1709,1564,1378,1766,2462,3011,3294,3298,4174,3030,2039,1625,1637,1515,1345,1809,2488,2996
42,SAT,2734,2482,3000,2928,2911,2935,3057,2882,2688,2838,2667,2806,2592,2298,2738,2827,3008,2970,3003,2786,2470,2624,2501,2595,2342,2198,2560,2450,2719,2682,2749,2681,2517,2688,2631,2635
43,CMX,62,58,62,60,62,60,62,62,60,62,60,62,60,56,61,60,62,60,63,63,61,62,60,62,62,58,62,60,62,66,62,62,60,62,59,61
44,LEX,409,347,418,528,523,377,466,504,508,613,562,509,505,444,533,604,570,616,611,595,553,587,488,460,365,416,415,358,411,406,461,473,448,500,475,442
45,SAV,526,573,808,775,860,802,758,824,823,887,787,759,612,560,681,746,800,762,746,752,662,661,658,563,531,517,637,639,570,611,636,709,654,655,586,581
46,ECP,276,250,393,402,410,403,411,382,321,332,286,241,233,213,413,428,442,453,490,460,366,376,345,326,323,302,411,405,411,455,452,390,359,366,327,308
47,BFF,0,0,0,0,0,0,0,0,0,0,0,0,0,0,0,0,0,0,0,0,0,0,0,0,0,0,0,0,1,0,0,0,0,0,0,0
48,AKN,0,0,0,0,0,23,31,9,0,0,0,0,0,0,0,0,0,24,31,8,0,0,0,0,0,0,0,0,0,26,31,6,0,0,0,0
49,TPA,5442,5139,6503,5886,5603,5236,5378,4983,4570,4999,5364,5770,5970,5455,6854,6167,5938,5737,5853,5431,4769,5143,5665,6067,6006,5712,6824,6068,5712,5543,5686,5246,4627,4972,5507,6063
50,VLD,87,78,88,85,86,85,85,87,86,89,80,87,87,78,89,84,86,86,87,87,82,88,84,85,84,81,89,85,86,86,86,89,85,88,83,86
51,CAE,571,515,621,610,624,611,616,608,592,594,517,554,531,482,516,457,466,460,460,465,445,434,443,426,427,415,457,389,374,357,371,370,342,284,334,314
52,BFL,299,266,294,284,293,308,321,289,236,253,235,240,231,206,242,262,267,262,257,245,197,183,237,231,188,192,237,226,234,227,229,234,223,234,202,177
53,SBA,791,727,862,704,724,638,622,646,666,694,618,626,578,485,480,562,571,596,624,613,539,565,511,458,500,441,480,496,514,497,534,540,517,534,466,464
54,MGM,295,283,314,300,313,279,285,293,291,308,291,291,282,256,301,288,290,288,292,290,301,309,292,291,191,183,200,224,208,200,197,197,218,223,210,198
55,DBQ,44,35,74,82,84,81,84,84,86,89,83,74,86,76,84,82,82,86,88,88,84,87,83,89,0,0,0,0,0,0,0,0,0,0,0,0
56,MTJ,164,184,210,12,6,106,61,56,34,21,0,116,166,168,146,22,1,86,124,97,41,6,26,124,153,142,208,59,31,60,76,94,104,30,11,132
57,SUN,112,93,114,55,19,82,146,145,120,62,59,94,98,88,120,55,20,76,131,128,82,62,56,102,115,113,138,64,57,100,163,160,109,57,58,120
58,PDX,4375,3861,4653,4613,4822,4825,5057,5077,4188,4143,3822,3899,3636,3192,3904,3876,4162,4707,5108,5105,4466,4550,4391,4538,4136,3929,4615,4595,4959,5361,5716,5667,4913,5027,4789,4962
59,GFK,3,0,0,74,137,158,116,129,71,1,51,31,50,50,3,55,52,81,34,75,90,90,115,112,94,110,167,142,84,149,120,115,82,174,158,160
60,CAK,534,498,613,553,561,595,616,554,581,544,579,596,559,514,667,578,594,559,579,539,464,491,547,500,493,506,538,449,400,423,404,408,395,468,411,423
61,LSE,53,39,62,93,85,131,147,151,118,94,94,108,115,110,187,131,113,161,162,168,148,166,164,186,49,65,85,48,87,23,83,89,84,34,49,60
62,SHV,595,511,566,576,582,589,589,591,569,583,552,568,550,486,549,544,570,581,594,578,533,556,559,555,481,440,502,438,501,532,545,525,494,520,493,474
63,MAF,824,757,833,802,821,852,884,855,835,871,798,817,818,754,886,746,701,645,656,647,615,600,514,545,471,460,517,515,503,469,456,500,458,520,500,484
64,GSO,589,554,759,755,734,751,827,818,804,749,727,769,680,638,745,688,682,578,549,559,646,598,513,459,427,377,473,540,558,539,493,530,584,633,537,401
65,GSP,609,557,622,655,636,569,618,605,634,652,615,592,548,490,623,628,663,611,591,578,566,631,618,626,536,546,681,651,688,728,551,578,585,566,540,507
66,CHA,276,279,349,351,342,307,290,320,293,397,369,345,312,332,381,396,416,400,403,407,386,417,396,373,343,354,391,367,389,387,333,339,411,461,430,388
67,EWN,63,51,57,56,56,60,91,89,77,81,58,59,57,51,49,45,48,47,57,57,52,55,55,57,55,55,59,59,60,60,60,62,57,62,56,57
68,HNL,3771,3383,3877,3701,3906,4005,4212,4177,3731,3852,3705,3993,3897,3476,3950,3813,4008,4140,4307,4202,3658,3780,3733,3988,3870,3596,3965,3828,3999,4158,4338,4295,3724,3809,3697,4014
69,BMI,225,208,255,258,288,294,253,273,289,280,282,231,249,238,267,236,231,269,257,257,246,238,225,255,91,77,93,135,145,140,159,146,135,145,132,119
70,DIK,117,105,119,128,143,138,159,158,159,170,152,131,109,98,138,150,135,68,64,61,59,61,56,0,0,0,0,0,0,0,0,0,0,0,0,0
71,SUX,58,52,57,56,57,64,71,70,69,69,54,60,58,52,58,56,56,56,58,57,56,57,55,58,0,0,0,0,0,0,0,0,0,0,0,0
72,ALB,593,598,768,600,656,650,767,741,624,676,657,664,569,549,685,682,699,638,716,734,693,734,716,778,758,676,835,790,888,813,795,759,740,778,774,743
73,SBN,308,302,381,370,419,472,493,471,428,475,427,372,384,394,468,407,396,403,399,414,411,415,387,391,396,380,463,445,432,453,478,490,453,477,441,406
74,EWR,9267,8541,9848,9074,9037,9696,9904,9589,8656,8657,8932,9155,8697,8070,9564,9367,9263,9611,9871,9612,8718,9622,9293,9706,8526,8522,9706,9733,9499,9705,10183,10458,9730,10016,9745,9960
75,GST,0,0,0,0,0,23,31,23,0,0,0,0,0,0,0,0,0,24,31,22,0,0,0,0,0,0,0,0,0,26,31,27,0,0,0,0
76,SBP,368,348,406,364,375,390,410,442,417,434,409,412,419,381,432,275,248,240,218,228,260,250,214,218,221,244,287,280,307,278,255,252,258,275,265,271
77,DCA,5735,5357,6017,5951,6083,5823,5998,6209,5992,6509,6387,6464,6683,6229,6999,6841,6951,6698,6891,6988,6591,6819,6473,6450,6447,6193,6753,6602,6841,6680,6743,6760,6395,6574,6019,5795
78,LFT,503,470,564,528,571,574,560,560,527,514,529,508,488,452,514,509,526,505,473,461,428,431,390,403,269,267,253,268,251,248,206,230,265,261,271,306
79,DVL,0,0,0,0,0,40,49,48,47,51,52,50,49,44,48,48,47,47,50,48,47,49,47,50,48,46,49,47,48,48,53,53,52,53,50,52
80,TWF,116,104,114,115,137,67,62,61,59,62,57,60,62,53,58,56,88,86,89,88,83,87,82,70,122,88,108,86,87,86,85,59,83,88,82,122
81,ART,58,52,57,56,14,0,0,0,0,0,0,0,0,0,0,0,0,0,0,0,0,0,0,0,0,0,0,0,0,0,0,0,0,0,0,0
82,AEX,304,269,305,277,266,289,302,295,280,294,270,274,282,262,301,289,294,296,299,295,267,282,274,287,208,207,219,216,236,262,236,262,242,250,262,260
83,BZN,274,267,339,288,264,396,553,545,396,265,143,290,252,269,301,204,169,364,512,525,420,335,252,336,269,302,371,250,244,367,567,519,436,313,212,401
84,CNY,0,0,52,50,54,52,52,54,51,53,52,51,54,48,53,51,0,0,0,0,0,0,0,0,0,0,0,0,0,0,0,0,0,0,0,0
85,RAP,271,216,192,237,349,426,560,472,329,258,197,261,210,210,242,207,306,408,515,437,266,236,246,218,218,169,174,249,239,302,427,366,241,209,153,257
86,FLG,129,126,168,151,156,172,180,168,143,162,152,128,142,124,137,123,153,173,182,169,145,158,152,160,157,147,168,151,159,170,177,162,148,157,145,105
87,CHO,102,79,121,205,204,179,177,180,201,209,197,186,201,186,209,178,202,179,205,212,226,237,217,189,170,156,207,205,205,202,204,209,200,224,222,200
88,RNO,1236,1116,1356,1300,1346,1453,1546,1462,1185,1173,994,1172,1092,994,1192,1190,1199,1358,1394,1331,1150,1144,1012,1099,1001,935,1106,1087,1109,1266,1347,1363,1289,1304,1154,1221
89,ALO,58,52,57,56,57,56,57,57,56,58,54,60,58,52,58,56,56,56,58,57,53,57,55,58,0,0,0,0,0,0,0,0,0,0,0,0
90,LGA,8530,7914,9014,9117,9078,9097,9377,9258,8550,8987,8823,9221,9517,8945,10140,9503,9428,9154,9474,9241,8434,8590,7956,7813,8028,7879,8302,7752,8032,8418,8497,8688,8156,7985,7438,7394
91,FLL,5884,5521,6601,5854,5234,5095,5205,4770,4066,4520,5345,6022,7187,6696,7794,6985,6516,6263,6447,6121,5327,5812,6704,7584,7678,7346,8071,7249,6838,6551,6766,6361,5630,6013,6930,7874
92,CHS,945,824,1072,1246,1270,1246,1301,1281,1223,1273,1071,1020,928,781,1029,1166,1148,1097,1183,1136,1071,1207,1205,1073,1015,938,1226,1345,1385,1348,1417,1343,1211,1268,1177,1004
93,LGB,972,851,935,938,1061,1096,1195,1165,840,874,789,830,770,676,760,756,837,865,920,918,784,774,732,759,755,709,770,759,858,968,1010,1081,1012,1084,1015,1142
94,GGG,62,56,62,60,62,60,61,59,56,58,54,59,54,53,62,60,62,60,61,60,55,59,56,60,0,0,29,30,53,56,33,30,26,25,55,45
95,MHK,146,132,147,140,153,149,152,153,150,154,151,155,151,133,152,146,149,150,153,155,148,151,144,153,0,0,0,0,0,1,0,0,0,0,0,0
96,BGM,0,0,0,0,0,0,0,0,0,0,0,0,0,38,0,0,0,43,61,29,0,62,29,62,76,81,89,85,85,86,99,54,56,56,54,56
97,COD,62,55,62,60,63,96,102,103,79,62,59,62,62,56,62,60,62,89,98,77,32,31,32,35,33,29,64,60,88,120,120,118,106,64,58,61
98,GTF,152,127,146,139,170,189,194,187,195,164,137,171,146,131,146,161,197,207,233,230,189,190,162,164,151,108,165,119,117,190,245,227,148,124,112,123
99,ASE,720,719,852,233,179,303,378,320,191,146,92,435,626,629,746,199,35,234,261,227,115,59,34,456,607,661,721,216,119,291,435,402,270,200,124,562
100,RHI,90,80,88,86,88,86,89,88,86,89,85,89,88,80,89,86,88,86,89,88,86,88,84,90,88,83,89,85,89,86,88,89,86,88,84,87
101,SCC,78,71,80,77,80,77,79,80,78,79,76,79,80,72,80,76,80,78,79,80,77,81,76,77,80,75,79,78,80,76,62,62,60,62,59,61
102,BTM,62,56,62,60,62,60,83,74,60,62,60,62,62,56,62,60,62,60,62,62,60,62,60,61,58,54,58,55,58,56,57,58,56,57,55,55
103,HOB,50,47,56,46,56,54,57,52,47,54,50,52,49,47,53,52,56,56,58,51,46,53,51,52,49,49,49,47,57,56,56,55,47,52,52,52
104,LMT,62,56,62,60,62,8,0,0,0,0,0,0,0,0,0,0,0,0,0,0,0,0,0,0,0,0,0,0,0,0,0,0,0,0,0,0
105,BNA,4662,4208,4863,4724,4817,4763,4862,4739,4610,4686,4306,4430,4096,3672,4461,4270,4385,4584,4752,4576,4278,4477,4269,4237,3898,3658,4207,4054,4272,4631,4623,4593,4423,4598,4350,4360
106,SCE,49,56,62,60,62,60,57,59,60,63,59,73,65,59,73,73,73,85,148,144,61,62,60,70,58,55,62,60,61,60,61,62,57,88,57,65
107,BGR,60,55,84,88,81,79,111,128,12,66,57,3,0,21,1,0,58,44,66,76,42,27,34,24,6,0,1,30,36,81,123,123,119,60,30,0
108,SIT,92,84,93,90,93,143,155,155,97,93,88,92,92,84,93,90,116,174,186,217,112,93,87,91,92,87,93,90,114,172,182,182,97,89,83,89
109,OKC,1695,1500,1740,1586,1801,1866,1991,1854,1744,1850,1546,1550,1383,1246,1381,1403,1413,1523,1623,1582,1538,1641,1538,1514,1322,1241,1363,1265,1303,1261,1338,1372,1354,1396,1263,1217
110,FSD,590,570,504,552,577,610,623,629,637,556,521,551,608,527,533,517,435,518,487,461,429,445,450,366,343,340,344,331,370,365,329,358,341,430,361,318
111,BTR,712,657,750,703,728,710,708,709,701,718,689,689,655,620,704,661,669,660,675,668,596,659,647,611,590,565,592,583,603,633,617,602,519,521,534,542
112,MOB,480,443,491,417,454,465,491,481,468,479,431,451,441,410,470,454,466,466,476,466,446,437,461,462,353,327,348,372,391,396,462,461,448,460,450,439
113,MHT,554,493,491,532,546,601,635,604,653,602,519,524,469,410,623,642,617,603,593,618,608,577,562,547,443,456,469,575,669,633,566,570,600,630,565,536
114,EKO,87,74,83,82,82,81,82,81,80,85,72,80,61,52,58,55,57,56,58,30,4,53,49,51,53,50,53,51,53,56,56,58,55,52,49,53
115,ICT,801,667,705,769,744,806,705,721,772,941,852,718,663,634,756,749,766,831,780,775,687,698,715,740,688,625,684,726,619,610,677,716,622,654,637,605
116,PLN,0,0,0,0,0,76,117,81,1,50,50,54,53,49,53,52,62,87,120,93,60,62,62,62,54,71,81,85,88,108,169,125,86,78,77,79
117,MOD,93,84,93,90,93,12,0,0,0,0,0,0,0,0,0,0,0,0,0,0,0,0,0,0,0,0,0,0,0,0,0,0,0,0,0,0
118,BTV,293,253,242,316,358,472,384,415,425,392,262,386,241,180,238,259,242,273,304,281,348,348,237,375,264,296,334,285,358,381,395,421,374,357,231,350
119,SPI,152,136,150,146,150,149,155,152,146,151,141,150,129,126,151,142,149,150,154,153,145,150,140,148,142,137,151,145,150,150,154,155,145,150,136,123
120,ROA,158,144,168,234,297,260,277,252,185,211,161,141,140,142,225,221,230,228,232,236,219,223,206,203,183,177,164,195,199,197,164,179,193,201,188,174
121,CIC,92,84,93,90,93,90,92,89,89,93,89,6,0,0,0,0,0,0,0,0,0,0,0,0,0,0,0,0,0,0,0,0,0,0,0,0
122,AMA,641,588,632,609,615,618,632,605,583,620,548,572,525,465,485,345,335,476,454,317,288,307,264,260,246,224,255,225,259,252,263,271,257,308,266,249
123,GTR,85,77,88,86,86,85,85,88,85,89,82,78,83,78,89,84,87,86,87,88,85,88,83,77,83,81,89,85,89,86,86,89,84,88,80,73
124,CID,436,382,506,507,563,590,558,578,617,652,562,618,665,616,648,636,712,664,710,654,485,532,494,548,242,327,441,431,438,403,315,366,416,359,413,305
125,ROC,676,672,831,738,791,678,704,697,675,633,615,656,610,559,714,683,778,645,687,671,662,737,750,689,585,593,611,509,606,634,670,661,655,662,623,575
126,COS,755,658,818,731,777,795,844,856,786,793,644,686,608,548,641,654,682,679,643,640,591,610,573,622,628,565,581,637,694,702,738,754,738,736,728,788
127,PSC,200,167,256,274,290,301,299,308,232,260,149,196,180,159,209,203,185,201,266,240,202,210,290,298,298,268,337,327,332,326,337,337,319,329,287,311
128,FSM,207,185,208,200,208,204,208,205,201,227,205,196,199,184,204,174,177,173,172,170,171,180,169,178,148,143,98,90,89,90,68,70,90,93,87,88
129,COU,89,80,88,115,122,120,124,122,120,124,125,124,124,112,124,116,115,119,121,122,114,123,117,124,0,0,0,0,0,0,0,0,0,0,0,0
130,HIB,55,48,53,51,57,52,53,53,51,54,51,55,77,76,84,82,84,81,85,83,82,84,79,85,83,79,85,81,84,82,83,85,82,83,80,84
131,SPN,0,0,0,0,0,0,0,0,0,0,1,0,0,0,0,0,0,0,0,0,0,0,0,0,0,0,0,0,0,0,0,0,0,1,0,0
132,PSE,75,56,62,60,62,71,93,73,49,60,63,82,74,56,62,60,62,72,93,64,60,62,64,82,73,58,62,60,73,79,93,88,59,62,69,87
133,SJC,3330,3005,3411,3514,3605,3774,3909,3719,3535,3643,3425,3433,3334,3006,3330,3471,3664,3722,3828,3754,3443,3481,3334,3314,3214,3025,3265,3264,3507,3721,3800,3873,3565,3609,3596,3635
134,CVG,1511,1374,1875,1658,1672,1829,1858,1817,1568,1843,1904,1857,1713,1601,1874,1829,1947,1979,1919,1962,1790,1919,1763,1654,1253,1298,1426,1358,1471,1502,1351,1306,1093,1230,1125,1121
135,ERI,0,0,0,0,0,51,62,60,57,58,57,62,127,79,68,59,60,60,61,62,58,57,55,57,58,53,58,55,57,56,55,58,55,57,116,69
136,PSG,62,56,62,60,62,60,62,62,60,62,58,60,62,56,62,60,62,60,62,62,60,62,58,60,62,58,62,60,62,60,62,62,60,62,58,60
137,MIA,7436,6773,7608,7057,7127,6725,6955,6812,6217,6398,6238,6878,6695,6004,6776,6466,6340,6164,6391,6328,5645,5958,5901,6631,6083,5742,6217,5866,6114,5857,5943,5791,5107,5385,5498,6055
138,IDA,221,200,233,229,231,258,328,312,272,245,237,224,190,162,172,183,194,228,265,253,203,201,192,205,208,191,195,199,206,208,244,240,201,207,195,189
139,MBS,117,109,114,119,119,124,119,119,116,120,154,145,163,151,169,200,185,159,147,141,112,142,144,150,189,163,126,177,95,233,203,200,140,155,138,176
140,HOU,5068,4551,5121,5024,5152,5166,5334,4993,4741,4886,4620,4850,4650,4182,4796,4671,4763,4910,5086,4894,4580,4718,4714,4796,4540,4224,4652,4357,4433,4658,4758,4620,4362,4465,4477,4656
141,SPS,123,112,124,120,123,120,119,122,120,124,118,124,106,103,124,120,123,120,122,122,112,122,90,92,0,0,87,64,93,90,92,93,85,92,82,69
142,TXK,89,80,88,86,91,90,91,90,86,89,81,90,89,80,93,90,93,90,92,91,86,88,83,91,83,78,80,59,87,80,83,78,57,63,51,56
143,ORD,21497,19815,22916,23244,24611,25330,25838,25665,24870,26257,23512,23481,23484,21812,26129,25805,26871,27591,28223,28149,26163,27652,26078,25579,18610,17763,19904,19796,21602,21692,22214,22226,20406,21555,19488,18826
144,LNK,176,169,203,194,220,214,204,199,215,231,220,199,201,189,234,290,268,210,236,237,303,288,250,218,231,241,293,201,295,267,282,294,227,253,239,231
145,LAN,116,108,88,161,182,210,116,151,158,132,200,155,191,179,134,191,104,160,170,148,153,222,208,211,249,246,176,286,171,230,247,237,103,124,179,186
146,MOT,130,129,133,119,134,133,129,137,123,164,125,138,168,133,134,112,145,181,218,206,204,218,190,159,151,161,162,155,202,169,173,155,60,93,107,59
147,SWF,62,56,62,60,62,61,62,62,60,62,60,81,62,68,63,62,67,63,62,63,60,62,60,65,67,58,62,60,62,60,62,62,60,63,58,62
148,ORF,990,879,992,1068,1063,1081,994,1025,1028,1022,845,820,855,774,891,877,824,876,843,882,869,914,819,864,846,812,863,965,967,971,1074,1044,904,1022,816,802
149,BUF,1348,1360,1657,1624,1679,1595,1563,1579,1586,1557,1415,1420,1294,1230,1568,1596,1675,1635,1683,1604,1518,1593,1495,1526,1307,1284,1621,1515,1596,1523,1611,1627,1548,1507,1452,1430
150,RIC,1257,1118,1425,1596,1632,1639,1640,1597,1331,1366,1366,1418,1274,1175,1336,1309,1299,1451,1583,1616,1556,1647,1406,1350,1155,1170,1327,1283,1325,1370,1408,1468,1404,1463,1295,1260
151,PSP,1152,1130,1378,1225,1072,698,609,629,678,904,999,1062,1078,1096,1301,1095,853,458,435,453,485,673,850,883,978,1034,1254,1033,843,599,579,584,592,752,907,906
152,ORH,62,56,62,60,62,60,62,62,60,63,60,62,62,54,61,60,62,60,62,62,60,62,60,60,60,58,62,60,62,60,61,62,58,59,58,61
153,GUC,75,71,99,31,31,33,73,57,32,31,30,83,78,84,111,26,6,19,50,46,23,0,2,52,48,43,49,5,0,2,32,19,4,0,1,39
154,LAR,62,56,62,60,62,60,62,62,60,62,59,61,62,48,53,52,52,52,54,52,52,53,51,53,52,50,54,51,53,52,52,54,52,52,51,53
155,LAS,11050,10097,11960,11679,12105,11805,12063,11851,11231,11779,10693,10742,11604,10570,12397,12103,12744,12362,12687,12698,12029,12688,11905,12082,12246,11422,12731,12520,12944,12796,13057,13036,12575,13156,12118,12085
156,AZO,14,17,127,142,148,168,279,248,148,208,175,155,211,154,193,148,133,161,130,142,161,121,192,220,206,202,213,208,143,134,153,171,137,198,175,138
157,BHM,1094,995,1200,1203,1268,1259,1237,1198,1127,1210,1115,1122,1146,1054,1206,1086,1153,1216,1202,1174,1108,1146,1110,1059,891,910,1081,1043,1086,1042,1050,1057,1025,1069,1017,1029
158,GNV,262,241,271,205,208,208,209,208,196,208,214,222,225,212,269,257,255,244,243,253,249,234,225,251,194,176,202,197,200,195,179,178,190,198,189,189
159,CIU,0,0,0,0,0,16,58,33,0,57,55,58,57,52,58,56,62,23,61,62,60,57,60,62,58,58,58,55,57,56,61,60,55,57,55,56
160,LAW,125,112,124,120,123,120,120,123,120,149,142,138,129,112,124,120,123,120,123,122,120,124,115,123,87,86,93,86,65,83,62,101,118,123,114,122
161,ROW,89,80,88,86,92,87,88,87,86,89,83,90,89,80,93,90,89,90,91,93,89,92,83,87,4,4,33,35,35,34,36,41,56,57,52,53
162,LAX,18481,16564,19041,18544,19413,19458,20363,19422,17589,18199,17056,17802,17340,15762,18014,17408,17977,18533,19371,19265,17499,17728,16459,17045,16427,15407,17304,16990,17692,19078,19920,19726,17527,17988,17044,17880
163,TRI,171,165,200,199,203,196,177,178,145,174,164,165,166,151,173,165,194,196,195,198,161,159,151,178,162,153,169,166,176,202,194,191,188,186,189,185
164,SDF,1153,1046,1219,1304,1355,1251,1271,1235,1206,1301,1064,1010,944,871,1045,923,1062,995,912,873,812,843,923,844,746,735,775,827,946,955,864,839,830,892,797,738
165,SJT,151,136,150,146,153,147,148,148,146,151,144,152,151,136,155,150,155,146,151,150,141,149,141,152,0,0,82,86,91,90,113,122,122,108,85,111
166,SJU,2312,2051,2443,2203,2082,2319,2467,2211,1668,1753,1997,2397,2349,2002,2270,2242,2143,2328,2549,2324,1726,1868,2146,2577,2408,2167,2407,2350,2300,2399,2638,2274,1607,1760,2045,2517
167,ELM,105,133,176,177,180,162,178,175,180,181,169,146,162,171,190,193,196,188,201,199,183,195,195,173,179,181,199,151,150,146,148,151,145,150,139,101
168,UST,0,0,0,0,13,13,13,13,30,36,31,27,16,13,13,14,13,13,13,13,13,14,17,17,3,0,0,17,30,29,29,30,29,28,0,0
169,BUR,1730,1575,1774,1766,1831,1820,1886,1848,1746,1803,1689,1715,1703,1530,1758,1704,1720,1736,1821,1779,1698,1768,1700,1740,1783,1688,1833,1827,1887,1903,1919,1999,1882,1929,1874,2001
170,GUM,31,28,31,30,31,30,31,31,29,31,31,31,31,28,31,30,31,30,31,31,30,31,30,31,31,29,31,30,31,30,31,31,30,32,30,31
171,ATL,30796,27994,32694,31101,31799,30934,31808,31569,30196,31618,29319,29951,29512,27366,32754,31370,32398,32735,33735,33707,31333,32588,30907,31019,29870,28746,32894,32185,33387,33279,33941,34166,31503,32769,30965,30670
172,ELP,1443,1283,1521,1439,1463,1546,1636,1572,1499,1517,1142,1141,1087,936,1128,1167,1150,1133,1142,1107,1024,1046,1070,1028,879,806,940,886,916,983,969,1026,1048,978,952,964
173,MCI,3613,3333,3869,3755,3914,3949,4108,3824,3596,3874,3500,3432,3236,2857,3538,3618,3799,3845,3810,3659,3383,3555,3516,3404,3320,3147,3650,3622,3902,3894,3950,3844,3528,3658,3530,3546
174,EFD,0,0,0,0,0,0,0,0,0,0,0,0,0,0,0,0,0,0,0,0,0,0,0,0,0,0,0,0,0,0,0,1,0,0,0,0
175,BOI,830,736,959,910,943,1011,1043,1018,941,968,888,981,945,836,961,917,1059,1138,1198,1174,1075,1160,1152,1200,1172,1139,1166,1100,1181,1290,1344,1334,1230,1272,1196,1282
176,JLN,62,56,62,60,61,60,62,59,56,58,54,59,62,56,62,60,62,60,62,62,59,58,59,62,62,58,62,60,62,60,62,8,2,0,0,0
177,LBB,520,471,541,524,537,554,568,561,548,598,567,507,472,428,412,435,414,396,423,413,389,436,424,431,399,385,412,386,379,364,350,381,390,343,367,420
178,AGS,247,226,251,235,233,219,227,217,196,205,190,209,200,177,229,226,225,219,221,216,215,223,213,220,196,173,235,239,233,227,227,230,240,228,208,205
179,CWA,118,108,119,116,119,116,120,118,116,119,114,117,120,122,144,120,119,116,118,131,140,145,161,129,57,57,34,56,58,97,83,85,58,88,76,57
180,CPR,178,172,182,191,207,206,204,200,192,227,206,202,166,148,199,195,122,169,212,189,142,138,135,97,139,84,101,117,162,153,135,133,111,156,92,92
181,ESC,0,0,0,0,0,0,0,0,0,0,0,51,53,48,53,52,52,52,54,52,52,53,51,54,52,50,56,51,53,52,52,54,52,52,50,53
182,PGD,0,0,0,0,0,0,0,0,0,0,0,0,0,0,0,0,0,0,0,0,0,0,0,0,0,0,0,0,0,0,0,0,0,2,40,41
183,ANC,1284,1131,1217,1134,1411,1771,1916,1876,1435,1222,1138,1253,1184,1029,1209,1176,1502,1891,2086,1997,1482,1234,1185,1264,1232,1125,1227,1162,1466,1959,2112,2012,1395,1196,1115,1253
184,HPN,615,543,619,608,616,601,623,671,705,737,683,700,726,682,685,671,686,681,699,698,646,721,659,610,548,534,613,589,606,633,609,613,563,642,592,586
185,LBE,0,0,0,0,0,0,0,0,0,0,0,0,93,91,110,109,140,142,146,147,121,117,95,87,93,101,114,95,85,81,84,84,70,69,77,93
186,TLH,408,354,409,397,378,356,355,355,350,334,364,362,331,294,357,290,281,283,284,293,259,279,257,265,208,228,260,257,205,257,201,199,191,202,190,170
187,MVY,0,0,0,0,10,30,44,45,21,11,0,0,0,0,0,0,16,38,62,62,27,11,0,0,0,0,0,0,31,48,62,57,36,14,0,0
188,MCN,0,0,0,0,0,0,0,0,0,0,0,1,0,0,0,0,0,0,0,0,0,0,0,0,0,0,0,0,0,0,0,0,0,0,0,0
189,MCO,9206,8643,10464,9556,9596,9494,9783,8973,7670,8395,8898,9739,10083,9230,11296,10479,10390,10265,10514,9666,8379,9047,9893,10787,10739,10150,11748,10908,10550,10615,11146,10160,8824,9637,10161,11077
190,EYW,424,385,439,398,408,283,251,255,240,259,254,302,245,208,220,202,139,147,157,172,104,151,171,208,184,176,185,177,158,121,127,125,112,124,115,145
191,ATW,182,162,231,228,247,276,181,218,249,311,224,201,226,209,284,262,299,225,315,302,245,260,249,232,270,246,288,322,271,261,230,257,309,377,298,251
192,KTN,186,168,186,180,199,233,246,240,201,186,178,184,186,168,186,180,217,264,279,270,207,186,178,184,186,174,186,180,215,262,273,271,194,181,174,179
193,BOS,8274,7751,9323,9373,9533,9658,10097,9935,9106,9676,9023,8887,8837,8380,9971,10000,10241,10544,10837,10727,9726,10164,9464,9120,9088,8796,9927,9893,10653,10866,11145,11218,10084,10473,9748,9369
194,FAI,326,296,190,150,183,280,300,279,170,151,138,154,155,140,172,172,210,265,279,265,187,177,168,170,174,162,174,171,220,279,310,288,186,179,167,173
195,JFK,7878,7265,8429,8206,8480,8579,9087,9050,8275,8646,8076,8589,8456,7740,8846,8594,8880,8843,9238,9198,8035,8303,7753,8228,8027,7672,8545,8206,8356,8437,8774,8646,7666,7775,7582,8065
196,CDC,54,48,52,52,53,51,54,83,52,54,48,53,53,48,53,52,52,52,54,52,52,53,51,54,51,50,54,51,53,52,52,54,52,52,52,53
197,DEN,17977,16181,18990,17464,19019,19733,20788,20204,18935,19416,17266,18232,17090,15642,18609,17509,18106,18667,19076,18866,17397,18136,17117,17976,17519,16533,19088,18038,19060,19708,20919,20884,19268,19405,17589,18125
198,BIL,276,225,265,296,331,303,294,293,276,233,224,226,220,209,250,225,248,279,337,333,243,264,253,269,283,268,302,249,247,298,337,320,243,288,277,300
199,TYR,231,208,222,212,227,227,233,224,219,235,211,208,193,181,209,201,220,224,233,226,215,227,207,191,170,166,54,6,1,0,0,0,0,0,0,17
200,TYS,682,622,647,634,762,741,799,795,778,801,746,726,603,551,664,635,675,680,706,683,629,629,582,555,525,500,573,581,591,649,640,650,605,683,608,612
201,SEA,7780,7028,8270,8435,9213,10141,10746,10982,9316,9234,8584,8985,8427,7719,9271,9254,10346,11186,11998,12082,10508,10388,9739,10369,9749,9205,10288,10311,11500,12512,13165,13214,10997,10885,10171,10628
202,FAR,431,387,401,491,457,483,426,417,423,450,393,450,481,417,510,492,517,559,626,613,441,527,499,538,374,324,322,281,373,411,350,361,325,313,261,281
203,PAH,62,56,62,62,62,60,62,62,60,62,59,61,61,56,62,60,62,60,62,62,60,62,60,61,62,55,58,56,58,56,57,58,56,57,55,56
204,FAT,932,821,944,904,953,956,971,944,755,814,732,739,696,611,652,643,658,629,662,684,651,656,582,550,598,551,567,659,705,765,774,764,700,739,734,759
205,DRO,222,170,152,171,172,127,226,218,156,170,121,152,188,159,185,197,203,208,208,198,179,178,149,194,105,98,175,176,241,182,218,210,164,142,137,114
206,OMA,1677,1521,1670,1533,1778,1782,1796,1657,1540,1701,1510,1544,1543,1373,1633,1599,1609,1488,1571,1489,1413,1501,1478,1557,1409,1269,1526,1429,1499,1476,1517,1517,1576,1599,1557,1593
207,LIH,869,783,924,898,932,977,1039,1023,869,931,931,988,957,842,947,902,947,1040,1086,1062,849,881,913,1000,1005,919,992,944,975,1104,1149,1107,852,899,886,995
208,BIS,180,138,135,119,140,215,243,232,155,242,244,264,307,280,298,298,319,328,358,354,301,339,302,308,208,172,227,255,198,233,212,196,203,168,149,159
209,FNT,314,301,366,331,308,353,369,379,378,389,400,419,387,353,447,461,484,455,468,465,386,413,433,407,296,336,384,318,333,299,375,377,303,294,277,284
210,FAY,191,176,204,191,198,173,169,162,166,174,160,154,156,149,142,126,165,146,149,150,134,150,164,152,154,134,143,140,144,142,143,147,141,145,138,130
211,OME,60,55,62,60,62,60,62,61,60,62,58,59,61,56,62,60,62,60,62,62,60,62,58,60,61,58,62,60,61,60,61,62,59,62,58,60
212,GCC,124,112,124,120,124,120,124,124,120,120,115,120,121,84,93,86,88,86,89,87,87,88,86,90,88,83,89,85,88,86,87,89,86,88,85,86
213,DLG,0,0,0,0,0,23,31,23,0,0,0,0,0,0,0,0,0,24,31,22,0,0,0,0,0,0,0,0,0,26,31,27,0,0,0,0
214,DLH,124,125,94,142,146,271,165,193,148,149,168,145,151,137,105,109,128,180,153,164,216,223,192,184,173,192,234,202,232,174,235,230,173,261,180,192
215,HDN,173,166,183,1,0,2,21,19,3,0,1,78,150,153,175,21,0,5,31,31,9,20,0,128,185,174,189,39,31,30,32,47,60,53,30,155
216,RDD,93,84,93,90,93,90,93,93,90,93,89,92,92,84,66,60,62,60,62,62,60,62,58,61,61,58,62,86,92,90,92,93,85,92,90,90
217,EGE,302,268,307,1,0,25,47,43,30,1,11,165,299,262,290,50,0,29,44,39,30,4,11,187,309,304,322,71,31,65,107,84,78,40,44,268
218,ABE,135,123,190,183,169,53,80,92,173,172,148,120,164,163,215,224,231,204,232,233,221,239,233,154,180,163,166,168,226,244,239,235,168,202,196,182
219,ILG,55,50,58,57,75,76,80,80,71,66,17,21,26,21,28,25,0,0,0,0,0,0,0,0,0,0,0,0,0,0,0,0,0,0,0,0
220,PNS,677,600,703,661,696,709,738,709,641,703,662,686,635,572,626,625,514,694,749,687,488,478,456,488,443,417,495,482,500,573,593,565,479,488,444,497
221,PUB,0,0,0,52,53,51,54,52,52,54,50,54,53,48,53,52,52,6,0,0,0,0,0,0,0,0,0,0,0,0,0,0,0,0,0,0
222,CDV,60,56,62,60,62,60,62,62,60,62,58,60,60,56,62,60,62,60,62,62,60,62,58,60,60,58,62,60,61,60,61,62,60,62,58,60
223,PHF,179,155,174,174,185,166,184,178,167,175,167,160,140,103,149,104,93,109,118,119,109,114,113,106,88,81,93,90,93,109,115,107,83,93,87,88
224,AUS,3337,3026,3663,3547,3728,3780,3923,3739,3608,3778,3425,3544,3376,3061,3745,3744,3957,4058,4301,4167,3806,4021,3956,3896,3581,3328,3952,3855,3882,3908,4131,4075,3842,4037,3842,3833
225,LIT,1151,1044,1159,1204,1283,1293,1289,1230,1128,1108,1047,984,915,821,978,887,935,1065,1057,1033,958,1048,883,890,614,587,695,682,743,703,751,780,715,772,686,665
226,GCK,62,56,62,60,62,60,62,61,60,62,60,62,62,56,62,60,61,60,62,62,59,62,58,61,0,0,0,0,0,59,62,62,60,62,60,62
227,ABI,243,220,243,236,242,236,238,237,232,240,224,241,239,215,245,202,207,206,211,210,193,201,190,211,0,0,0,0,0,4,23,27,26,29,25,27
228,JMS,0,0,0,0,0,62,76,74,73,78,78,77,75,68,75,74,72,73,77,75,73,75,73,77,74,71,76,72,75,74,84,84,82,84,80,83
229,LCH,174,160,181,162,179,174,179,172,163,177,169,152,147,169,182,165,169,176,156,175,164,198,181,176,75,76,84,71,105,73,90,125,144,148,139,134
230,SLC,8685,7807,9376,8733,8806,9491,10036,10040,9110,9226,8456,8820,8635,7864,9476,8843,8762,8980,9508,9500,8405,8763,8442,8795,8684,8271,9530,8652,9044,9310,9782,9808,8866,9205,8582,9085
231,SRQ,343,361,464,363,301,287,269,254,215,281,292,327,312,330,461,358,282,293,241,226,209,305,297,361,327,346,453,344,246,209,211,210,190,210,227,308
232,ILM,189,141,178,198,196,203,215,220,224,202,186,154,149,130,150,135,133,193,197,189,192,215,207,185,196,177,174,175,179,220,238,249,255,260,246,213
233,RDM,278,242,274,296,325,322,335,323,177,177,173,177,165,152,184,176,180,226,243,231,189,200,197,209,183,166,183,175,55,300,333,319,268,273,260,272
234,PHL,6022,5549,6490,6280,6419,6224,6355,6263,5819,6006,5675,5733,5767,5207,6005,5843,6181,6243,6451,6415,6004,6094,5973,5932,5664,5377,6068,5920,6448,6389,6626,6562,5904,6215,5980,6011
235,FOE,49,56,59,56,57,56,56,56,4,0,0,0,0,0,0,0,0,0,0,0,0,0,0,0,0,0,0,0,0,0,0,0,0,0,0,0
236,KOA,905,824,928,837,841,961,1045,1044,838,906,896,967,990,906,1041,946,982,1125,1173,1138,905,967,921,987,990,933,1067,977,994,1106,1178,1177,908,959,979,1128
237,MDT,339,327,388,377,365,416,328,314,233,345,327,253,292,291,383,301,320,292,280,293,241,285,325,267,189,140,174,192,253,179,174,204,265,296,282,201
238,BPT,89,80,88,86,89,88,93,91,90,93,88,92,93,81,93,90,89,90,91,91,84,87,82,89,85,64,62,59,62,60,62,45,0,0,1,45
239,OGG,1746,1583,1869,1762,1799,1917,2059,1990,1719,1794,1786,1931,1919,1727,1968,1828,1826,1943,1987,1925,1732,1823,1786,1986,1909,1793,2010,1892,1898,2027,2150,2071,1825,1860,1846,2040
240,MKE,2650,2409,3006,2869,2899,3007,3118,2939,2679,2783,2592,2703,2567,2340,2968,2827,2803,2800,2898,2758,2555,2642,2702,2607,2703,2579,2952,2754,2766,2933,2939,2833,2562,2588,2477,2489
241,MDW,6584,6057,7415,7440,7656,7848,8203,7825,7415,7851,7020,7187,6749,6043,7442,7444,7591,7989,8359,7928,7324,7617,6915,7102,6679,6208,7327,7299,7546,7917,8140,7836,7279,7527,6893,7158
242,ABQ,1910,1711,2118,2093,2189,2300,2459,2256,2022,2071,1742,1764,1574,1410,1685,1755,1861,1903,2045,1937,1758,1816,1637,1627,1443,1340,1489,1548,1692,1648,1658,1625,1612,1704,1605,1603
243,MQT,27,24,26,26,26,26,27,26,26,27,26,27,26,24,27,26,26,26,27,26,26,26,25,45,54,52,57,55,57,60,77,62,55,57,55,56
244,MKG,62,56,62,60,62,60,62,62,60,62,59,62,62,56,62,60,62,60,62,62,60,62,60,61,62,55,58,55,58,56,57,58,56,57,55,56
245,CEC,85,76,83,82,82,82,84,83,82,85,80,59,60,56,62,12,0,0,0,0,0,0,0,0,0,0,0,0,0,0,0,0,0,0,0,0
246,ABR,62,56,62,60,62,60,62,62,60,72,72,62,62,56,62,60,62,60,62,62,60,71,63,62,62,58,62,60,62,60,62,62,60,69,65,61
247,BJI,62,56,62,60,62,60,62,62,60,62,60,62,62,56,62,60,62,60,62,62,60,62,59,62,62,58,62,60,62,60,62,62,60,62,59,61
248,RDU,3251,2867,3389,3343,3427,3329,3534,3379,3044,3236,3020,2994,2738,2427,2875,2858,3030,3193,3246,3033,2747,3002,2858,2891,2569,2439,2810,2838,3202,3146,3216,3163,2866,2952,2927,2837
249,GPT,356,331,364,336,398,378,416,385,338,327,316,347,337,313,387,365,358,348,332,327,299,304,276,263,264,246,268,254,265,290,270,270,246,267,262,247
250,OTH,31,28,31,16,18,32,60,61,33,32,18,16,17,16,18,17,18,32,40,40,40,36,18,19,17,17,17,17,18,32,39,40,37,33,16,17
251,BWI,7177,6570,7811,7800,8084,7996,8175,7867,7284,7605,7101,7381,6921,6236,7762,7885,8175,8422,8745,8338,7719,8022,7886,7990,7181,6685,7839,7871,8347,8583,8851,8345,7833,8226,8132,8325
252,JAC,337,320,363,132,193,332,475,485,320,155,136,317,353,323,373,158,177,338,476,486,337,158,127,363,403,397,407,158,185,356,571,531,354,179,81,309
253,PBG,0,0,0,0,0,0,0,0,0,0,0,0,31,28,30,27,22,21,25,26,17,13,23,31,31,29,31,28,27,26,26,26,23,22,40,62
254,DSM,883,824,790,788,869,852,861,833,789,803,843,781,840,766,813,721,703,776,788,770,672,710,750,786,656,636,671,633,682,614,773,711,600,637,612,562
255,PBI,2265,2155,2659,2189,1713,1471,1490,1473,1271,1558,1956,2321,2425,2261,2660,2326,1944,1626,1682,1650,1551,1742,2023,2425,2436,2374,2669,2293,1902,1656,1653,1661,1528,1670,2031,2412
256,PHX,13343,12076,14736,13562,13770,13806,14272,13570,12126,13347,12568,13299,13122,11916,14526,13746,13803,13871,14274,13703,12023,12921,12512,13319,13024,12289,14443,13404,13670,13691,14009,13310,11963,12955,12744,13624
257,ABY,89,75,88,84,84,84,86,86,84,86,79,78,81,75,88,84,79,77,77,80,78,87,81,76,79,78,89,85,86,86,86,89,84,88,79,73
258,SYR,554,481,472,505,541,610,550,576,522,606,572,474,463,423,499,416,477,485,538,571,533,640,595,608,458,397,595,464,520,435,567,548,497,474,466,460
259,ISN,226,209,238,230,231,227,225,233,243,261,239,254,258,235,272,234,244,240,249,231,177,221,215,187,169,171,158,144,149,146,145,149,140,101,87,85
260,DFW,23488,21237,23757,22632,23614,23778,24464,24062,23025,23519,21674,23059,23153,20839,23224,21867,22160,22573,22895,22298,20334,21044,19534,20674,16565,15430,17044,16147,16544,16671,17291,17277,16089,16279,15224,15488
261,ISP,398,436,536,459,452,405,403,373,351,363,385,398,377,349,436,443,453,404,406,379,350,366,392,403,381,346,406,431,445,397,407,376,352,367,384,414
262,TTN,133,166,215,212,263,289,323,318,300,310,295,279,239,206,231,233,279,270,279,279,270,277,267,277,168,144,153,166,185,181,185,186,178,185,180,198
263,AVL,231,213,258,285,287,308,369,351,333,296,226,238,207,182,235,221,214,321,342,317,281,284,214,211,204,183,268,272,265,337,358,332,309,350,262,256
264,JAN,733,661,730,707,746,684,674,650,613,656,610,628,634,566,650,626,665,696,699,691,625,654,632,613,429,411,437,414,437,444,470,479,377,454,431,418
265,PIA,291,233,342,368,332,294,344,340,378,384,349,376,364,324,446,409,454,383,440,458,477,476,445,464,249,270,276,225,271,287,263,247,210,238,206,210
266,OAJ,139,128,123,113,114,119,115,113,116,113,110,98,112,102,94,102,105,103,105,106,100,112,109,98,90,91,101,113,117,113,111,115,107,109,104,98
267,EAU,62,56,62,60,62,60,62,62,60,62,60,62,62,56,63,60,62,60,62,62,59,62,60,62,62,55,58,55,58,56,57,58,56,57,55,56
268,GJT,267,249,331,267,303,387,330,322,331,334,260,331,279,231,293,275,313,345,289,295,299,271,264,296,188,195,266,237,325,281,264,254,224,280,227,179
269,CRP,518,478,556,539,580,581,601,586,565,582,541,549,546,514,591,570,574,379,367,339,302,366,372,334,248,234,254,294,263,230,257,246,220,231,259,233
270,OAK,3408,3105,3513,3507,3611,3802,3965,3846,3634,3723,3513,3638,3631,3240,3703,3798,3913,4053,4192,4141,3850,4016,3824,3971,3654,3365,3765,3840,4035,4372,4504,4519,4163,4330,4089,4183
271,VPS,402,347,437,382,469,496,503,466,387,392,369,412,385,346,440,441,465,531,540,494,407,415,400,419,360,331,397,388,365,385,417,383,305,286,285,308
272,PIB,0,0,0,0,0,0,0,0,0,0,40,54,53,48,53,52,52,52,54,52,52,53,51,54,52,50,54,51,53,52,52,54,52,52,52,53
273,MEI,0,0,0,0,0,0,0,0,0,0,65,85,84,76,84,82,83,82,85,83,82,84,81,85,83,79,85,81,84,82,83,85,82,83,81,84
274,BDL,1800,1668,1874,1923,1778,1871,1939,1878,1667,1695,1834,1856,1680,1465,1724,1696,1814,1796,1842,1757,1566,1714,1755,1704,1520,1434,1622,1708,1800,1768,1773,1691,1590,1729,1857,1825
275,HRL,367,336,389,366,344,288,293,285,273,289,277,285,286,260,291,285,288,279,289,283,267,287,277,274,244,236,269,246,260,264,274,268,246,218,228,222
276,RKS,155,140,155,149,155,150,155,154,150,120,115,119,120,56,62,56,57,56,58,57,56,57,55,57,57,54,58,55,57,56,56,43,56,57,55,56
277,AVP,68,56,138,158,163,160,165,164,161,165,185,114,117,90,92,141,155,116,145,122,110,113,155,116,153,124,121,68,167,110,165,174,168,177,151,90
278,CLD,207,188,207,202,205,202,233,230,219,209,193,203,204,188,209,40,0,0,0,0,0,0,0,0,0,0,0,0,0,0,0,0,0,0,0,0
279,SFO,13550,12088,13845,13734,14180,14357,14954,14756,13878,14499,13236,13816,12891,11569,13422,13019,13543,13846,14444,14590,13326,14170,13537,13821,13207,12420,14259,13955,14899,14927,15491,15962,14425,14801,13874,14138
280,CLE,3339,3077,3440,3383,3286,2948,2997,2884,2853,3233,2984,3041,2996,2846,3158,3140,3404,3311,3364,3325,3123,3224,3068,2854,2680,2600,2812,2790,2899,3068,3102,3097,2902,2938,2624,2599
281,FCA,154,130,124,76,115,201,378,365,254,104,81,88,129,123,154,122,144,201,316,318,232,123,139,147,138,136,185,172,181,185,309,308,261,166,158,172
282,BQK,86,75,88,85,84,90,86,88,86,85,80,83,85,78,80,76,78,77,78,80,80,85,82,84,86,81,89,85,86,86,91,92,83,88,81,84
283,MEM,1318,1139,1273,1235,1265,1214,1280,1276,1260,1247,1236,1295,1241,1125,1344,1548,1497,1324,1355,1325,1337,1520,1447,1227,1151,1035,1022,1150,1170,1296,1265,1263,1206,1271,1213,1086
284,OTZ,60,55,62,60,62,60,62,58,60,62,58,59,61,56,62,60,62,60,62,62,60,62,58,60,61,58,62,60,62,60,61,62,59,62,58,60
285,ENV,0,0,0,0,0,0,0,0,0,0,0,0,0,0,0,0,0,0,0,0,0,0,0,0,0,0,0,0,0,0,0,0,0,0,1,0
286,PVD,901,880,1114,978,947,1007,1137,1125,1036,1009,995,1023,1024,819,1056,1002,982,986,991,995,1047,1098,1070,1086,996,870,1056,1070,1097,1070,1087,1057,990,1081,1127,1186
287,BQN,112,105,123,120,141,150,155,129,71,74,96,131,116,84,98,101,119,151,172,153,95,96,115,139,172,118,115,111,170,186,208,201,139,146,144,162
288,EUG,439,378,454,442,464,482,499,493,391,408,385,393,330,287,328,336,351,348,364,366,328,328,289,305,291,277,306,291,316,313,308,306,280,279,294,277
289,PIH,83,75,83,82,82,111,116,114,110,89,79,84,61,52,58,56,57,56,58,70,76,57,54,56,56,52,84,81,81,82,81,85,80,83,78,83
290,CRW,255,237,264,287,295,294,311,312,274,214,197,208,176,171,237,237,242,230,223,227,213,224,216,213,196,181,205,222,236,236,231,228,213,219,202,183
291,LWS,54,48,57,55,56,60,32,60,55,58,55,59,53,48,49,47,48,56,62,60,51,53,55,59,55,57,62,60,59,60,60,62,59,62,58,61
292,HYA,0,0,0,0,0,5,31,31,9,0,0,0,0,0,0,0,0,13,31,31,8,0,0,0,0,0,0,0,15,25,31,31,14,5,0,0
293,JAX,1832,1712,1961,1957,2034,1827,1877,1830,1738,1740,1696,1789,1498,1332,1709,1721,1732,1692,1746,1671,1547,1712,1657,1733,1500,1423,1556,1559,1599,1622,1577,1589,1553,1602,1483,1589
294,JNU,304,276,305,299,359,485,521,512,340,306,286,295,303,276,307,300,374,483,523,512,374,336,316,326,345,336,362,351,391,483,512,507,340,326,309,318
295,ACK,0,0,0,0,29,76,105,108,55,24,0,0,0,0,0,0,48,88,139,138,79,28,0,0,0,0,0,0,67,113,158,147,93,34,0,0
296,YAK,60,56,62,60,62,60,62,62,60,62,58,60,60,56,62,60,62,60,62,62,60,62,58,60,60,58,62,60,61,60,62,62,60,62,58,60
297,MLB,118,106,123,116,117,116,119,118,107,116,109,119,118,106,124,120,115,136,132,132,108,116,111,130,117,106,147,145,143,142,131,128,109,115,108,127
298,CLL,225,211,237,222,238,232,237,231,219,231,216,205,202,186,213,206,228,232,215,219,205,223,213,192,54,50,50,47,121,124,89,106,130,135,105,123
299,SMF,3381,3032,3473,3506,3636,3655,3825,3690,3453,3611,3434,3411,3218,2941,3223,3364,3640,3552,3642,3639,3523,3618,3245,3225,3152,2988,3342,3281,3532,3607,3670,3711,3387,3587,3499,3505
300,WRG,62,56,62,60,62,60,62,62,60,62,58,60,62,56,62,60,62,60,62,62,60,62,58,60,62,58,62,60,62,60,62,62,60,62,58,60
301,ONT,1682,1499,1714,1712,1750,1755,1803,1762,1673,1783,1673,1681,1589,1413,1557,1677,1742,1693,1730,1726,1661,1742,1623,1567,1598,1495,1651,1646,1739,1630,1624,1670,1595,1655,1609,1730
302,BKG,97,84,97,105,120,49,31,31,30,26,0,0,0,0,0,0,0,0,0,0,0,0,0,0,0,0,0,0,0,0,0,0,0,0,0,0
303,APN,56,48,52,52,53,51,54,52,52,54,48,54,53,48,53,52,52,52,54,52,52,53,51,54,52,50,54,51,53,52,62,58,52,52,53,53
304,IMT,59,52,57,56,58,55,58,57,56,58,55,58,58,52,57,56,57,56,58,57,56,58,54,59,57,53,58,56,57,56,57,58,56,57,55,57
305,ACT,151,136,150,146,149,146,146,147,146,151,141,153,147,134,155,150,149,146,149,148,140,148,142,152,145,139,149,145,121,71,112,119,106,110,102,100
306,MLI,339,320,353,374,457,452,388,408,395,427,316,369,425,395,351,408,311,337,318,317,347,308,297,271,216,95,186,306,264,286,165,173,145,244,259,188
307,HLN,118,98,148,105,117,141,150,149,117,114,108,103,110,105,115,135,143,139,146,146,137,141,140,119,118,122,146,141,146,144,148,151,144,150,140,127
308,CLT,9768,8843,9791,9481,9618,8925,9210,9022,9143,9755,9156,9531,9350,8290,9384,8882,9227,9022,9370,9262,9086,9572,9192,9259,9213,8725,9346,9033,9524,9203,9381,9551,9183,9469,9068,8980
309,PIT,2321,2103,2521,2386,2470,2460,2510,2366,2293,2366,2313,2179,2081,1950,2320,2115,2332,2314,2366,2282,2082,2131,2167,2109,1887,1758,2065,2085,2150,2234,2312,2200,2063,2214,2164,2167
310,MRY,413,379,428,416,428,394,400,399,382,368,316,309,322,289,260,266,262,267,303,308,244,241,231,222,210,161,176,200,212,206,210,210,197,259,259,244
311,ACV,269,235,263,258,265,252,260,270,284,286,248,170,150,131,101,113,98,110,122,123,114,122,133,125,125,116,95,116,124,120,121,126,120,126,119,109
312,DAB,119,124,154,150,152,149,152,140,116,118,116,123,120,127,155,150,152,150,149,136,111,119,115,129,147,159,182,180,179,179,184,169,145,150,145,160
313,ITH,0,0,0,0,0,0,0,0,0,0,0,0,0,6,0,6,0,0,0,0,0,0,0,22,59,73,75,85,86,86,44,58,86,87,81,83
314,CSG,110,102,119,113,115,114,116,116,115,119,112,79,80,91,111,113,109,76,102,102,107,112,103,74,81,94,120,115,117,107,107,113,99,109,101,72
315,PPG,10,8,9,8,9,11,11,9,9,9,8,11,10,8,9,8,9,11,14,11,8,9,9,10,10,9,8,9,10,13,14,11,9,9,8,11
316,ACY,0,0,0,59,62,60,62,62,60,62,60,4,341,308,361,360,347,330,341,341,267,248,278,298,310,290,310,317,341,330,341,341,260,248,282,323
317,FWA,303,283,291,288,288,310,321,324,396,404,376,358,303,370,519,525,540,502,527,529,501,511,496,449,308,311,356,341,380,371,343,351,351,370,354,350
318,SGF,559,523,559,568,580,582,562,565,563,546,539,564,590,542,654,605,653,652,474,502,478,531,530,556,231,241,235,221,255,304,247,229,221,239,202,175
319,HYS,0,0,0,0,0,0,0,51,52,54,52,53,53,49,53,52,52,52,54,52,52,53,51,53,52,50,54,51,53,52,52,54,53,52,51,52
320,STC,0,0,0,0,51,60,62,62,58,58,55,61,58,25,0,0,0,0,0,0,0,0,0,0,0,0,0,0,0,0,0,0,0,0,0,0
321,TUL,1609,1451,1621,1573,1601,1458,1671,1585,1449,1495,1404,1335,1287,1192,1456,1234,1239,1304,1285,1291,1313,1319,1201,1168,1199,1147,1219,1185,1144,1087,1158,1197,1163,1150,1150,1191
322,IAD,4686,4215,5235,4975,5123,4974,5101,5051,4858,5088,4437,4354,3701,3001,3032,2957,3243,3382,3334,3236,2925,2996,2693,2801,2537,2241,2636,2763,2919,3168,3239,3190,2899,3080,2909,2859
323,MFE,348,315,387,358,414,385,391,380,361,378,361,370,373,343,376,412,409,340,261,257,242,238,200,198,194,191,165,186,198,160,204,179,183,186,189,188
324,ITO,518,464,511,498,520,504,524,521,498,516,490,517,505,460,537,532,545,543,564,557,495,503,480,505,492,465,517,503,516,511,531,531,466,483,468,491
325,BRD,79,68,73,74,75,74,85,79,74,77,70,77,54,48,53,52,52,52,62,60,52,53,50,54,52,50,54,51,53,52,62,58,52,52,51,53
326,MLU,275,253,261,266,278,288,294,288,265,283,258,268,251,229,271,280,277,282,290,286,269,279,270,256,247,233,241,242,279,286,259,261,262,272,236,255
327,MYR,116,105,162,120,153,151,161,162,179,173,120,115,266,296,450,482,577,570,589,575,486,507,298,242,228,288,475,549,604,609,678,665,531,522,333,272
328,SMX,102,96,109,107,106,114,116,109,98,100,88,76,60,56,62,60,63,60,62,62,60,62,59,60,61,58,62,60,62,60,62,62,60,10,0,0
329,DTW,7542,6881,8998,8627,9277,9158,9697,9553,8937,9641,8980,8689,9473,8783,10317,10016,10474,9823,10503,10237,9392,9925,9835,9647,9489,9201,10505,10447,11138,10802,10371,10680,10211,11223,10196,9696
330,IND,2251,2077,2597,2489,2613,2474,2628,2388,2180,2259,2263,2308,2104,1874,2402,2358,2355,2418,2553,2372,2166,2373,2459,2497,2209,2110,2462,2319,2450,2463,2421,2225,2006,2119,2032,2028
331,DAL,3863,3502,3907,3883,3935,3840,3931,3712,3581,4315,4793,5046,5152,4697,5136,5150,5436,5409,5581,5803,5737,5930,5728,5870,5795,5436,5932,5636,5767,5718,5816,5862,5656,5815,5712,5818
332,GRB,350,331,428,395,480,452,484,460,352,444,388,399,365,372,535,436,336,501,545,520,464,489,443,364,241,242,366,320,328,355,380,363,236,300,323,285
333,IAG,0,0,0,0,0,0,0,0,0,0,0,0,31,33,40,31,27,26,27,27,22,22,27,31,31,37,44,34,26,25,27,27,23,23,39,62
