,DEST,1,2,3,4,5,6,7,8,9,10,11,12,13,14,15,16,17,18,19,20,21,22,23,24,25,26,27,28,29,30,31,32,33,34,35,36
0,IAH,14569,13399,15370,13697,15331,15118,15611,14688,13506,14757,14046,14143,13378,12228,14048,13528,14420,14207,14037,13427,12173,13227,12695,12542,11642,11086,11769,11176,11854,11763,11681,11677,10775,11570,10879,11220
1,GEG,709,627,707,684,721,807,872,931,756,715,842,847,833,766,910,844,849,902,929,941,828,829,829,873,859,790,882,784,787,903,897,904,841,808,771,817
2,YUM,264,227,264,258,262,258,239,233,231,270,250,181,166,156,186,178,177,171,177,174,157,177,160,176,177,165,177,174,174,167,170,168,154,171,145,118
3,TUS,1451,1336,1536,1413,1425,1283,1287,1228,1247,1432,1400,1460,1455,1364,1627,1528,1475,1253,1251,1270,1168,1313,1354,1371,1419,1326,1490,1314,1276,1279,1327,1288,1171,1380,1424,1394
4,STL,4142,3706,4289,4202,4421,4670,5028,4711,4322,4573,4137,4218,4079,3637,4434,4328,4350,4442,4612,4454,4151,4310,4178,4297,4320,4071,4645,4531,4645,4721,4935,4870,4569,4766,4660,4826
5,CMH,2157,2021,2366,2276,2359,2441,2437,2278,2201,2265,2157,2119,2070,1918,2406,2262,2260,2330,2361,2249,2062,2188,2165,2100,1778,1716,1978,1797,1932,2063,2093,2023,1909,1932,1935,1983
6,SNA,3221,2912,3280,3215,3336,3347,3430,3369,3243,3376,3156,3257,3180,2944,3377,3313,3355,3369,3602,3613,3406,3538,3448,3588,3463,3274,3572,3472,3649,3606,3667,3778,3511,3606,3452,3524
7,LRD,202,182,199,198,201,201,203,206,200,206,194,206,209,184,209,202,202,202,207,205,197,203,196,189,165,159,173,162,202,149,200,206,186,191,179,154
8,GRI,58,52,57,56,57,56,58,56,56,58,54,58,61,56,62,56,57,56,58,57,56,57,55,60,0,0,0,0,0,0,50,58,56,57,43,57
9,CMI,182,164,207,206,211,206,211,208,202,209,202,208,208,188,185,176,179,176,179,195,200,206,220,209,0,0,0,0,0,0,0,0,0,0,0,0
10,INL,54,48,52,52,53,53,62,62,52,54,50,54,53,48,53,52,52,53,53,54,52,53,50,54,54,50,54,51,53,52,54,52,52,52,51,53
11,BRO,206,189,217,196,230,202,208,203,193,205,191,206,203,202,243,214,224,235,236,232,188,203,188,199,189,187,204,174,200,258,206,194,151,139,62,81
12,ADK,9,8,9,8,9,9,9,9,8,9,9,8,9,8,9,9,9,8,9,9,8,9,9,9,9,8,9,8,9,9,9,8,9,9,8,9
13,MSN,785,780,795,755,905,961,871,935,1037,973,971,860,821,788,865,754,852,911,924,881,848,837,743,742,577,585,595,652,586,670,693,703,676,660,593,546
14,SAF,145,128,153,150,155,170,213,202,180,185,172,144,117,121,153,179,183,184,155,139,96,93,86,89,59,74,92,89,89,116,121,116,107,110,106,135
15,GRK,421,381,424,404,404,404,412,408,384,373,374,398,383,372,399,374,369,378,377,372,344,370,332,333,216,203,229,236,137,159,128,130,118,127,123,124
16,TOL,70,80,88,86,87,86,87,87,86,89,83,88,89,80,89,86,87,90,91,93,87,88,84,85,0,0,0,0,0,0,0,0,0,0,0,0
17,BET,83,76,83,82,84,81,85,82,82,85,76,79,82,76,84,82,83,82,85,83,82,84,77,80,81,79,85,81,82,82,80,85,81,83,78,81
18,MSO,228,195,270,223,284,361,481,485,377,229,124,176,135,113,150,146,178,233,303,284,230,170,128,177,181,163,231,153,239,259,345,333,245,161,168,202
19,MFR,276,241,273,266,266,266,248,247,249,272,249,265,222,188,213,204,229,209,245,248,238,243,230,245,235,219,214,227,267,259,275,277,266,251,230,245
20,SGU,150,136,150,146,145,146,146,203,145,151,141,139,147,136,178,176,181,150,153,155,171,203,171,160,153,161,182,175,180,162,159,163,173,181,199,191
21,WYS,0,0,0,0,0,66,70,72,61,0,0,0,0,0,0,0,0,51,53,54,50,0,0,0,0,0,0,0,6,51,58,57,52,0,0,0
22,MSP,8085,7316,8617,8601,8843,9892,10120,10069,8851,9104,8280,8424,8906,8215,9940,10013,10481,11370,11805,11625,10170,10623,9813,9790,9585,9300,10840,10659,11000,11487,12227,12147,10593,11137,10216,9957
23,STT,417,393,463,382,333,354,376,322,177,238,330,411,475,430,488,475,410,384,396,350,184,237,313,443,446,440,531,493,429,429,464,401,251,300,339,482
24,XNA,831,799,958,895,915,949,970,941,814,846,794,772,764,740,882,829,831,902,932,910,901,940,815,778,367,408,480,498,542,537,515,535,508,524,449,414
25,HSV,535,486,595,551,561,554,523,534,551,494,477,471,419,370,433,431,437,445,424,441,380,390,359,383,315,309,361,327,347,356,355,366,350,368,328,287
26,DAY,769,702,791,807,888,842,911,883,778,810,713,737,782,754,819,769,812,824,907,867,704,753,723,711,573,485,548,515,522,602,603,578,598,574,498,399
27,PWM,337,358,382,429,490,619,558,502,402,442,359,284,227,256,324,378,429,554,629,615,469,479,379,420,379,369,396,485,488,536,679,715,720,688,446,470
28,ADQ,53,48,31,30,62,57,58,58,51,31,28,29,30,28,31,30,62,57,58,57,47,31,30,30,43,39,31,31,51,56,56,58,56,57,34,30
29,STX,90,76,85,80,81,77,79,72,60,62,76,89,91,81,92,89,88,96,101,84,60,69,69,87,98,94,106,104,101,98,103,91,60,66,86,105
30,BRW,78,71,80,77,80,77,79,80,78,79,75,78,80,72,80,76,80,78,79,80,77,81,76,77,80,75,79,78,80,76,80,80,77,80,76,79
31,BLI,75,68,98,83,94,66,59,89,55,45,89,101,95,84,107,92,93,17,0,31,0,1,90,102,94,87,104,87,88,10,0,0,0,0,60,75
32,GRR,809,773,1006,1041,1052,991,1041,1031,953,922,938,956,1049,914,1074,1040,1096,977,979,1010,953,927,898,850,758,727,792,745,827,836,692,723,773,811,792,742
33,SAN,6086,5485,6430,6255,6450,6742,7193,6928,6228,6528,6068,6339,6084,5478,6589,6422,6595,6763,7031,6876,6173,6207,5965,6231,6016,5685,6447,6377,6571,6876,7161,7115,6437,6640,6316,6548
34,MMH,67,60,67,26,0,0,0,0,0,0,0,22,36,41,53,9,0,0,0,0,0,0,0,17,32,32,34,3,0,0,0,0,0,0,0,16
35,TVC,130,125,92,110,216,209,369,387,238,196,254,214,198,195,246,237,196,304,382,379,229,208,197,195,94,146,134,129,139,244,425,352,181,145,106,128
36,DHN,116,104,119,115,115,114,116,116,116,120,111,116,116,106,120,115,116,116,118,117,109,118,112,115,116,103,119,115,118,116,115,120,112,119,109,115
37,MSY,3399,3163,3721,3541,3665,3375,3418,3215,2966,3343,3377,3307,3339,3252,3915,3752,3726,3499,3576,3416,3291,3670,3542,3494,3501,3467,3773,3683,3939,3597,3587,3544,3357,3752,3715,3589
38,RST,39,41,113,148,148,152,121,152,178,187,176,175,188,176,189,184,182,197,215,204,174,185,174,171,78,86,115,113,118,75,114,114,114,119,103,62
39,EVV,237,221,220,243,295,271,293,306,287,293,274,292,309,291,333,300,306,395,398,394,379,399,380,348,221,205,242,251,259,207,248,249,186,244,225,204
40,VEL,0,0,51,52,53,51,54,52,50,52,50,54,53,48,53,51,0,0,0,0,0,0,0,0,0,0,0,0,0,0,0,0,0,0,0,0
41,SAT,2728,2487,3001,2928,2911,2936,3056,2882,2688,2840,2669,2805,2586,2301,2744,2825,3011,2965,3004,2782,2470,2626,2501,2595,2340,2198,2562,2446,2719,2680,2749,2681,2520,2687,2632,2632
42,RSW,2798,2844,3776,2821,2008,1631,1602,1500,1322,1711,2136,2492,3103,3111,4081,3039,2161,1721,1709,1561,1377,1778,2466,3020,3288,3303,4176,3024,2031,1624,1637,1514,1346,1810,2491,3005
43,CMX,62,58,62,60,62,60,62,62,60,62,60,62,60,56,61,60,62,60,62,63,61,62,60,62,63,58,62,60,62,67,62,64,60,62,60,61
44,LEX,411,347,419,529,523,375,467,505,509,612,562,509,507,445,534,604,570,616,611,595,553,586,490,457,367,416,413,359,412,404,462,472,449,499,475,442
45,SAV,525,574,808,775,861,801,757,824,823,887,788,759,610,560,680,748,801,762,745,751,662,661,657,563,531,517,637,639,569,615,635,709,653,653,587,581
46,ECP,278,250,394,402,410,403,411,383,320,332,286,239,234,213,415,428,442,453,490,460,366,375,345,327,324,304,411,405,411,456,452,390,359,366,327,307
47,AKN,0,0,0,0,0,23,31,9,0,0,0,0,0,0,0,0,0,24,31,8,0,0,0,0,0,0,0,0,0,26,31,6,0,0,0,0
48,TPA,5432,5144,6499,5882,5605,5235,5382,4982,4572,5001,5369,5776,5966,5457,6855,6162,5938,5732,5852,5432,4775,5148,5666,6079,5996,5712,6827,6065,5712,5541,5686,5241,4625,4970,5509,6065
49,VLD,87,78,88,85,87,85,85,87,86,89,80,87,87,78,89,84,86,86,87,87,82,88,84,85,84,81,89,85,86,86,87,89,85,88,83,86
50,CAE,574,517,622,610,624,611,615,608,593,592,517,554,532,482,514,457,466,459,461,465,444,434,443,425,428,415,457,388,374,356,372,370,342,283,335,313
51,BFL,301,266,294,284,293,308,321,289,236,252,235,239,231,207,242,261,267,262,257,244,197,183,238,230,189,192,237,225,235,227,229,234,223,234,202,177
52,SBA,789,727,862,703,725,638,622,648,665,693,618,627,578,483,480,562,571,598,624,612,539,564,512,458,500,441,480,496,514,497,534,540,517,534,466,465
53,DBQ,45,34,75,82,84,81,84,84,86,89,83,74,86,76,84,82,82,86,88,88,84,87,83,89,0,0,0,0,0,0,0,0,0,0,0,0
54,MGM,295,282,314,301,312,279,285,292,291,308,291,290,283,256,301,288,290,288,292,290,301,309,292,290,192,183,200,224,208,200,197,197,218,223,210,197
55,MTJ,165,184,209,12,6,107,60,56,34,21,0,117,166,169,145,21,1,87,123,97,40,7,26,124,152,142,208,59,32,59,76,95,104,29,11,132
56,PDX,4372,3862,4651,4615,4826,4820,5053,5082,4191,4145,3821,3896,3636,3194,3899,3875,4163,4711,5111,5103,4465,4553,4389,4535,4143,3923,4616,4592,4967,5356,5717,5672,4909,5025,4791,4963
57,GFK,3,0,1,74,138,157,117,129,70,0,51,32,50,49,3,56,51,82,33,76,90,89,116,112,93,111,168,140,84,150,120,115,83,173,159,160
58,SUN,112,93,114,54,20,82,148,145,118,62,59,95,99,88,120,54,21,78,131,128,80,62,58,102,118,113,140,65,58,102,163,161,107,57,58,132
59,CAK,533,500,613,551,561,597,616,552,582,543,580,596,559,514,669,577,593,559,579,538,464,490,549,497,492,507,538,447,400,423,404,408,395,468,411,423
60,LSE,53,39,62,93,85,131,147,151,118,94,94,108,115,110,188,130,113,162,162,168,148,166,164,186,49,65,85,47,88,23,83,89,83,34,50,59
61,SHV,596,512,566,577,582,590,588,590,569,583,552,568,550,487,548,545,570,581,594,578,533,555,560,554,481,440,502,437,503,531,545,525,494,520,493,474
62,MAF,825,757,833,802,819,852,884,856,834,871,798,816,819,752,887,744,702,642,658,646,615,601,513,544,472,461,517,516,502,469,456,504,460,519,500,485
63,GSO,590,554,760,755,733,749,827,818,804,750,725,766,679,640,741,690,681,576,547,563,647,595,513,457,428,377,473,541,557,539,491,529,584,633,537,397
64,GSP,609,558,621,656,635,568,619,604,637,653,613,590,550,491,622,629,663,609,591,578,566,630,618,625,538,547,682,649,692,726,551,579,583,566,542,504
65,CHA,277,279,350,352,341,304,288,320,294,397,369,344,312,332,382,397,417,399,403,407,386,416,397,372,344,354,391,366,390,387,332,339,413,461,430,386
66,EWN,62,51,57,56,56,60,92,89,77,81,59,60,57,51,49,45,48,47,57,57,52,55,55,57,55,55,58,59,60,60,60,62,57,62,56,57
67,HNL,3772,3382,3878,3700,3906,4006,4212,4176,3730,3849,3706,3993,3898,3472,3950,3813,4007,4140,4308,4197,3655,3780,3730,3987,3878,3597,3961,3827,3997,4158,4339,4295,3726,3805,3697,4015
68,DIK,117,105,119,128,143,138,159,158,159,170,152,130,110,98,138,150,135,67,64,61,59,61,55,0,0,0,0,0,0,0,0,0,0,0,0,0
69,BMI,226,207,255,258,288,292,253,272,290,280,282,228,250,238,267,236,231,269,258,257,245,238,225,255,91,77,93,136,145,140,159,146,135,145,132,118
70,SUX,58,52,57,56,57,64,72,70,69,68,54,60,58,52,58,56,56,56,58,57,56,57,55,58,0,0,0,0,0,0,0,0,0,0,0,0
71,ALB,595,598,766,598,657,653,766,738,624,677,658,663,569,550,685,681,701,638,717,732,694,733,716,777,759,674,836,789,888,813,793,759,740,778,773,743
72,SBN,308,302,381,371,419,472,494,471,429,475,425,372,386,395,467,408,396,403,398,412,411,416,386,390,396,380,462,445,432,453,477,490,453,475,440,406
73,EWR,9255,8530,9867,9081,9046,9716,9847,9543,8640,8631,8925,9140,8705,8079,9567,9364,9263,9609,9908,9645,8704,9656,9294,9692,8536,8524,9724,9727,9509,9707,10224,10478,9724,10068,9764,9960
74,GST,0,0,0,0,0,23,31,23,0,0,0,0,0,0,0,0,0,24,31,22,0,0,0,0,0,0,0,0,0,26,31,27,0,0,0,0
75,SBP,368,348,406,364,375,390,410,443,417,434,409,412,419,381,431,275,248,240,218,228,260,249,214,218,221,245,287,281,307,278,255,252,257,275,265,271
76,DCA,5739,5360,6019,5950,6078,5830,5996,6208,5991,6511,6388,6460,6680,6232,7004,6845,6948,6699,6892,6988,6592,6818,6480,6439,6455,6194,6753,6604,6841,6681,6742,6755,6396,6573,6018,5785
77,LFT,503,470,564,528,570,575,559,560,529,515,529,505,491,451,514,510,525,505,473,461,427,432,389,401,270,266,254,267,251,247,206,230,266,260,271,307
78,DVL,0,0,0,0,0,41,49,48,47,51,52,50,48,44,49,48,47,47,50,48,47,48,48,50,48,46,49,46,49,48,53,53,52,53,51,53
79,TWF,116,104,114,115,136,67,62,61,59,62,57,60,62,53,58,56,88,86,89,88,83,87,82,70,86,81,89,85,86,86,85,58,83,88,82,86
80,ART,58,52,57,56,13,0,0,0,0,0,0,0,0,0,0,0,0,0,0,0,0,0,0,0,0,0,0,0,0,0,0,0,0,0,0,0
81,AEX,303,269,305,276,266,292,302,295,280,294,270,273,282,263,301,289,294,296,299,295,267,282,274,286,209,207,218,216,235,263,235,263,243,250,262,260
82,BZN,276,268,339,287,263,395,555,543,396,265,141,292,251,272,298,203,169,365,513,525,420,335,252,337,267,302,372,249,244,369,567,518,435,313,212,403
83,CNY,0,0,52,50,54,52,52,54,51,53,52,51,54,48,53,51,0,0,0,0,0,0,0,0,0,0,0,0,0,0,0,0,0,0,0,0
84,RAP,270,216,194,236,349,427,562,467,329,258,198,261,209,210,241,207,310,409,516,435,265,236,246,221,217,168,174,250,239,303,430,365,241,208,152,258
85,FLG,129,126,168,151,156,172,180,168,143,162,152,128,142,124,137,123,153,173,182,169,145,158,152,160,157,147,168,151,159,170,177,162,148,157,145,105
86,CHO,103,81,122,206,204,178,177,180,203,209,199,185,202,186,209,177,202,179,205,212,226,237,218,188,171,156,207,204,206,202,204,209,200,224,222,199
87,RNO,1235,1116,1356,1301,1346,1453,1546,1463,1184,1173,993,1172,1092,994,1192,1191,1198,1359,1395,1330,1150,1144,1011,1098,1001,935,1106,1087,1109,1269,1347,1363,1289,1304,1152,1225
88,ALO,58,52,57,56,57,56,57,57,56,58,54,60,58,52,58,56,56,56,58,57,53,56,56,58,0,0,0,0,0,0,0,0,0,0,0,0
89,CHS,944,823,1075,1248,1271,1244,1300,1279,1225,1273,1068,1019,930,779,1032,1167,1147,1096,1182,1136,1071,1207,1207,1072,1015,939,1226,1346,1382,1347,1417,1342,1212,1271,1175,1003
90,FLL,5876,5522,6601,5842,5231,5090,5205,4770,4065,4525,5348,6034,7170,6697,7788,6978,6512,6259,6444,6117,5331,5820,6705,7598,7665,7345,8075,7239,6832,6548,6768,6355,5633,6013,6931,7885
91,LGA,8535,7915,9019,9108,9070,9103,9376,9252,8551,8985,8821,9217,9512,8945,10149,9506,9424,9162,9475,9243,8418,8570,7933,7814,8035,7880,8302,7747,8036,8417,8498,8689,8153,7994,7441,7394
92,LGB,972,851,935,940,1060,1095,1195,1165,841,873,788,830,770,677,759,756,837,865,920,918,785,775,731,760,755,709,770,759,859,968,1009,1083,1011,1087,1016,1140
93,GGG,62,56,62,60,62,60,61,59,56,58,54,59,54,53,62,60,62,60,61,60,55,60,56,60,0,0,29,30,53,56,33,30,26,25,56,44
94,COD,62,57,62,60,63,96,102,103,79,62,59,62,62,56,62,61,62,89,98,76,32,31,32,35,33,29,65,61,89,119,121,117,106,64,58,61
95,MHK,146,132,147,140,153,149,152,153,150,154,151,155,151,132,153,146,149,150,153,155,148,151,144,153,0,0,0,0,0,1,0,0,0,0,0,0
96,BGM,0,0,0,0,0,0,0,0,0,0,0,0,0,38,0,0,0,44,60,29,1,61,29,63,76,81,89,85,85,86,99,54,56,56,54,56
97,GTF,152,127,146,139,170,189,195,186,195,164,137,171,146,131,146,162,197,207,233,229,190,190,162,163,152,107,166,118,117,191,245,227,147,124,112,123
98,ASE,719,722,850,231,179,304,378,321,189,144,93,439,627,632,746,193,35,237,262,225,113,59,34,457,607,663,719,212,119,295,436,400,269,199,124,566
99,RHI,90,80,88,86,89,85,89,88,86,89,85,89,89,80,88,86,88,86,89,88,86,89,83,90,88,83,89,86,88,86,88,89,86,88,84,88
100,BTM,62,56,62,60,62,60,83,74,60,62,60,62,63,56,62,60,62,60,62,62,60,62,60,61,58,54,58,55,58,56,57,58,56,57,55,56
101,SCC,78,71,80,77,80,77,79,80,78,79,76,79,80,72,80,76,80,78,79,80,77,81,76,77,80,75,79,78,80,76,62,62,60,62,59,61
102,HOB,50,47,56,46,56,54,57,52,47,54,50,53,49,47,53,52,56,56,58,51,46,53,51,52,49,49,49,47,56,56,56,56,47,52,52,54
103,LMT,62,56,62,60,62,6,0,0,0,0,0,0,0,0,0,0,0,0,0,0,0,0,0,0,0,0,0,0,0,0,0,0,0,0,0,0
104,BNA,4663,4204,4860,4727,4815,4765,4862,4734,4612,4685,4303,4428,4097,3670,4460,4269,4384,4585,4752,4573,4278,4479,4267,4233,3903,3658,4206,4052,4276,4633,4621,4592,4421,4601,4353,4360
105,SCE,50,56,62,60,62,60,57,59,60,63,59,74,67,59,74,73,73,86,148,144,60,62,60,71,60,55,62,60,61,60,61,62,57,88,58,66
106,BGR,61,54,84,88,81,80,112,128,11,66,57,2,0,22,0,1,58,44,66,76,42,26,34,25,4,0,1,31,36,81,122,124,118,60,29,0
107,SIT,93,84,93,90,93,143,155,154,98,93,88,91,93,84,93,90,117,174,187,217,110,93,87,90,93,87,93,90,115,172,182,182,96,89,83,88
108,OKC,1697,1503,1738,1586,1802,1868,1994,1846,1750,1848,1546,1549,1381,1245,1380,1407,1414,1522,1624,1583,1539,1639,1537,1515,1324,1242,1363,1267,1301,1260,1338,1372,1355,1397,1262,1217
109,FSD,593,570,504,553,574,610,623,630,637,555,520,549,610,527,535,517,433,518,487,459,431,444,451,361,347,340,345,329,371,364,329,359,341,429,363,313
110,BTR,710,660,750,703,728,710,709,709,700,718,689,690,656,621,705,659,669,660,675,668,595,659,648,612,589,565,591,582,604,634,617,600,519,521,535,543
111,MOB,480,442,491,415,455,465,491,480,469,479,431,450,441,410,469,454,466,467,476,466,446,438,460,462,353,327,348,372,391,396,464,460,448,460,450,438
112,MHT,552,493,491,533,545,604,634,602,655,601,522,521,471,410,626,642,615,604,594,617,607,579,560,546,442,461,468,576,670,632,564,574,600,631,562,535
113,EKO,87,74,83,82,82,81,82,81,80,85,72,80,61,52,58,55,57,56,58,29,5,53,49,51,53,50,53,51,53,56,56,58,55,52,50,53
114,ICT,801,666,705,770,743,806,703,722,774,939,852,715,666,636,754,746,768,831,779,776,688,698,714,739,688,626,683,726,619,612,676,717,621,655,636,604
115,PLN,0,0,0,0,0,77,117,80,1,51,51,54,53,49,53,52,62,87,120,93,60,62,61,62,54,70,81,86,87,108,169,125,86,78,77,80
116,MOD,93,84,93,90,93,11,0,0,0,0,0,0,0,0,0,0,0,0,0,0,0,0,0,0,0,0,0,0,0,0,0,0,0,0,0,0
117,SPI,152,136,150,146,150,149,155,152,146,151,141,150,129,126,151,142,149,150,154,153,145,150,140,147,143,137,151,145,150,150,154,155,145,150,135,124
118,ROA,159,143,168,234,299,257,278,252,188,213,160,141,141,143,225,221,230,228,231,236,219,223,206,203,183,177,163,195,199,198,164,179,193,201,188,176
119,BTV,293,254,241,317,360,471,381,414,426,392,261,387,240,179,239,259,241,273,305,282,346,349,235,377,262,299,332,288,357,379,395,419,375,355,231,352
120,AMA,642,587,633,608,615,618,632,606,582,620,547,573,525,465,485,344,335,478,453,316,289,307,265,260,246,223,255,224,261,249,264,271,257,308,266,248
121,GTR,85,77,88,88,86,85,85,88,86,89,82,77,84,78,89,84,87,86,87,88,85,88,83,76,84,81,89,85,89,86,86,89,84,88,80,73
122,CIC,92,84,93,90,93,90,92,89,89,93,89,5,0,0,0,0,0,0,0,0,0,0,0,0,0,0,0,0,0,0,0,0,0,0,0,0
123,ROC,675,674,833,736,792,678,705,694,675,633,614,659,608,561,716,680,781,641,688,672,662,738,750,687,585,594,612,508,605,636,669,661,655,661,624,571
124,CID,439,380,508,506,563,592,557,580,614,652,563,618,667,615,648,637,712,664,712,652,484,533,493,549,243,328,442,430,438,402,316,366,415,360,411,307
125,COS,755,658,818,731,777,795,842,856,786,793,643,686,608,547,640,656,682,679,640,642,592,607,574,622,629,564,581,637,695,704,739,754,738,735,728,790
126,PSC,199,167,257,275,289,302,299,307,232,260,148,195,180,160,209,203,186,200,267,239,202,210,291,298,298,268,338,326,332,326,337,337,319,329,287,311
127,FSM,207,185,208,200,208,204,207,205,202,227,205,196,198,185,204,174,177,173,172,170,171,180,169,177,149,143,97,90,89,90,68,70,90,93,87,88
128,COU,89,80,88,116,122,120,124,122,120,124,125,124,124,112,124,116,115,119,121,122,114,123,117,124,0,0,0,0,0,0,0,0,0,0,0,0
129,HIB,55,48,53,51,57,52,53,53,51,54,51,55,76,76,84,82,84,81,85,83,82,84,79,85,83,79,85,81,84,82,83,85,82,83,80,84
130,SPN,0,0,0,0,0,0,0,0,0,0,1,0,0,0,0,0,0,0,0,0,0,0,0,0,0,0,0,0,0,0,0,0,0,1,0,0
131,PSE,74,56,62,60,62,72,93,72,48,61,64,82,73,56,62,60,62,73,93,65,60,62,64,83,72,58,62,60,73,80,93,87,59,62,73,87
132,SJC,3328,3006,3410,3514,3606,3774,3909,3719,3534,3643,3425,3430,3334,3005,3334,3472,3666,3723,3828,3752,3443,3482,3333,3314,3217,3022,3264,3263,3509,3722,3800,3871,3566,3608,3595,3638
133,PSG,62,56,62,60,62,60,62,62,60,62,58,60,62,56,62,60,62,60,62,62,60,62,58,60,62,58,62,60,62,60,62,62,60,62,58,60
134,CVG,1513,1374,1875,1660,1670,1829,1859,1820,1561,1848,1903,1857,1707,1601,1877,1834,1947,1976,1918,1961,1790,1917,1763,1653,1252,1298,1424,1359,1470,1504,1348,1305,1093,1231,1126,1119
135,ERI,0,0,0,0,0,52,62,60,56,58,56,63,128,78,68,59,60,60,61,62,58,57,55,57,58,53,59,55,57,56,55,58,55,57,116,69
136,MIA,7426,6771,7608,7061,7128,6723,6956,6809,6219,6394,6244,6888,6693,6000,6766,6464,6340,6165,6390,6329,5646,5956,5901,6630,6088,5743,6213,5862,6112,5859,5945,5779,5106,5385,5509,6067
137,HOU,5067,4550,5121,5023,5152,5166,5334,4996,4737,4887,4621,4849,4651,4182,4795,4672,4764,4908,5086,4897,4581,4717,4712,4793,4546,4224,4651,4359,4433,4658,4758,4622,4362,4464,4476,4655
138,IDA,223,199,233,229,231,257,331,311,274,244,238,224,189,162,172,183,194,229,265,253,202,201,192,206,207,191,195,199,206,207,245,240,201,207,196,189
139,MBS,117,109,114,119,119,124,119,119,116,120,154,145,164,151,168,201,184,159,147,139,113,142,144,150,189,163,125,178,95,234,203,199,139,156,138,176
140,SPS,124,112,124,120,123,120,119,122,120,124,118,124,106,103,124,120,123,120,122,122,112,122,90,91,0,0,88,64,93,90,92,93,85,92,82,69
141,TXK,89,80,88,86,91,90,91,90,86,89,81,90,89,80,93,90,93,90,92,91,86,88,83,89,84,78,80,59,87,80,83,78,57,63,51,56
142,ORD,21529,19812,22922,23234,24634,25381,25885,25717,24905,26310,23564,23484,23515,21814,26122,25845,26909,27590,28183,28128,26169,27608,26063,25568,18605,17738,19913,19811,21579,21661,22206,22236,20398,21497,19459,18786
143,LNK,177,168,203,194,220,214,204,199,216,231,218,199,201,189,234,291,270,208,237,237,304,288,249,217,234,241,293,199,295,267,282,295,226,255,239,230
144,LAN,116,108,88,160,182,210,116,152,158,131,200,156,191,180,133,191,105,160,170,147,153,224,207,211,251,245,174,287,170,231,247,236,104,123,180,185
145,MOT,130,130,132,119,136,134,129,136,123,163,126,137,168,132,135,110,146,180,220,206,204,218,191,158,150,162,162,156,202,168,173,154,60,94,106,58
146,SWF,62,56,62,60,62,60,62,62,60,62,60,80,62,67,63,63,67,61,62,63,60,62,60,62,62,58,62,60,62,60,62,62,60,62,58,62
147,ORF,990,878,991,1069,1060,1083,995,1025,1028,1024,845,818,854,775,890,876,823,876,845,883,870,911,820,863,847,812,862,963,969,971,1075,1042,907,1021,814,801
148,BUF,1348,1363,1655,1624,1678,1597,1564,1578,1587,1556,1411,1420,1296,1233,1564,1600,1676,1636,1683,1604,1519,1587,1497,1521,1314,1282,1622,1514,1598,1524,1610,1629,1548,1505,1450,1427
149,RIC,1256,1118,1426,1598,1633,1638,1642,1596,1332,1365,1364,1420,1272,1174,1336,1309,1299,1452,1583,1618,1555,1647,1405,1348,1156,1171,1327,1282,1327,1368,1407,1470,1403,1462,1295,1259
150,PSP,1154,1131,1378,1224,1071,698,609,628,678,905,999,1064,1079,1099,1298,1093,853,457,435,453,485,673,852,884,977,1035,1257,1031,843,597,581,584,592,753,907,907
151,ORH,62,56,62,60,62,60,62,62,60,62,60,62,62,56,62,60,62,60,62,62,60,62,60,62,62,58,62,60,62,60,62,62,60,62,59,62
152,GUC,74,72,99,30,31,33,73,57,32,31,30,84,77,86,110,25,6,19,50,45,23,0,2,52,48,43,49,5,0,2,33,19,3,0,1,39
153,LAR,62,56,62,60,62,60,62,62,60,62,59,61,62,48,53,52,52,53,54,52,52,53,51,53,52,50,54,51,53,52,52,54,52,52,51,53
154,LAS,11052,10093,11962,11677,12109,11793,12064,11862,11225,11782,10689,10750,11614,10566,12395,12111,12744,12354,12692,12701,12028,12702,11904,12089,12245,11422,12734,12525,12939,12790,13055,13039,12581,13156,12118,12086
155,AZO,13,17,128,142,148,168,281,247,148,207,176,154,213,154,194,146,133,161,130,143,160,121,192,220,207,203,212,209,142,134,154,170,137,199,174,137
156,BHM,1099,993,1203,1204,1268,1258,1237,1195,1128,1210,1117,1120,1149,1051,1206,1086,1152,1219,1202,1174,1108,1146,1109,1058,892,911,1081,1042,1086,1040,1051,1057,1027,1069,1018,1028
157,GNV,267,243,272,204,208,208,209,208,196,208,215,220,224,212,270,257,255,244,243,253,249,234,224,251,195,176,202,197,200,196,179,178,190,198,189,188
158,CIU,0,0,0,0,0,17,58,32,0,58,55,58,57,52,58,56,62,22,62,62,60,57,61,62,58,58,58,55,57,56,61,60,55,57,55,56
159,ROW,89,80,88,86,92,87,88,87,86,89,83,90,89,80,93,90,89,90,91,93,89,92,83,86,4,4,33,35,35,34,36,41,56,57,52,53
160,LAW,125,112,124,120,123,120,120,123,120,150,141,138,129,112,124,120,123,120,123,122,120,124,115,122,88,86,93,86,65,83,62,101,118,123,114,122
161,TRI,171,164,200,198,203,196,177,177,145,174,164,163,167,151,173,165,194,196,195,198,161,159,151,178,162,153,169,166,176,202,194,191,188,186,189,184
162,LAX,18474,16560,19047,18549,19417,19447,20370,19429,17585,18196,17045,17822,17332,15764,18006,17416,17978,18542,19365,19270,17505,17739,16463,17055,16406,15407,17305,16996,17693,19072,19915,19721,17528,17991,17043,17895
163,SDF,1151,1044,1218,1308,1352,1250,1271,1236,1206,1298,1061,1016,941,873,1042,929,1058,994,912,872,812,844,924,842,747,736,774,826,945,952,864,843,831,890,795,737
164,SJT,151,136,150,146,153,147,148,148,146,151,144,152,151,136,155,150,155,146,151,150,141,148,142,151,0,0,83,85,92,90,113,122,122,108,85,111
165,SJU,2302,2056,2439,2199,2084,2322,2468,2205,1662,1756,2002,2405,2341,2003,2268,2240,2143,2333,2553,2317,1719,1876,2151,2585,2395,2172,2407,2352,2293,2404,2638,2267,1605,1758,2047,2530
166,ELM,104,134,176,177,181,163,177,175,180,182,168,145,164,171,190,193,196,188,201,199,183,195,195,172,180,181,199,150,150,146,148,151,145,150,139,100
167,UST,0,0,0,0,13,13,13,13,30,36,31,27,16,13,13,14,13,13,13,13,13,14,17,17,3,0,0,17,30,29,29,30,29,28,0,0
168,BUR,1730,1575,1773,1767,1831,1819,1886,1849,1746,1803,1689,1715,1703,1530,1756,1705,1720,1736,1821,1780,1698,1767,1701,1740,1783,1688,1831,1829,1887,1903,1919,2000,1882,1929,1874,2003
169,GUM,31,28,31,30,31,30,31,31,30,31,31,31,31,28,31,30,31,30,31,31,30,31,30,31,31,29,31,30,31,30,31,31,30,32,30,31
170,ATL,30784,27982,32702,31117,31799,30945,31798,31608,30198,31613,29296,30000,29492,27366,32775,31383,32425,32739,33735,33725,31331,32594,30903,31030,29854,28740,32886,32188,33381,33268,33940,34166,31482,32750,30954,30643
171,ELP,1444,1282,1520,1438,1463,1549,1636,1570,1500,1516,1141,1136,1088,935,1132,1167,1150,1134,1142,1106,1024,1045,1071,1027,882,804,941,887,916,983,969,1026,1049,976,952,964
172,MCI,3615,3333,3867,3756,3911,3949,4107,3822,3597,3873,3502,3431,3237,2854,3540,3622,3799,3843,3811,3654,3379,3557,3517,3399,3325,3147,3651,3626,3902,3890,3947,3844,3530,3658,3533,3544
173,BOI,830,735,960,911,942,1010,1043,1019,942,967,887,982,945,834,964,917,1060,1137,1198,1175,1075,1163,1151,1200,1172,1139,1166,1100,1181,1292,1344,1335,1230,1272,1195,1283
174,LBB,521,470,541,524,537,554,567,562,547,598,567,507,472,428,413,435,414,396,422,413,389,435,424,430,400,385,413,385,379,362,350,383,390,342,367,420
175,JLN,62,56,62,60,61,60,62,59,56,58,54,59,62,56,62,60,62,60,62,62,59,58,59,62,62,58,62,60,62,60,61,7,2,0,0,0
176,AGS,248,226,251,236,232,220,228,217,195,205,190,208,200,177,229,228,225,218,222,215,216,222,214,219,196,173,236,239,233,227,227,230,240,228,207,205
177,CWA,119,108,119,116,118,117,120,118,116,119,114,117,120,122,144,120,119,117,118,131,140,144,162,127,58,57,33,57,58,97,83,84,58,87,76,57
178,CPR,179,171,182,191,207,206,203,200,193,227,206,201,167,147,199,195,121,168,213,188,142,139,134,98,139,83,101,117,163,152,135,133,111,155,92,93
179,ESC,0,0,0,0,0,0,0,0,0,0,0,52,53,48,53,52,52,52,54,52,52,53,51,54,52,50,54,51,53,53,52,54,52,52,50,53
180,PGD,0,0,0,0,0,0,0,0,0,0,0,0,0,0,0,0,0,0,0,0,0,0,0,0,0,0,0,0,0,0,0,0,0,2,40,41
181,ANC,1285,1131,1217,1135,1417,1773,1917,1875,1431,1220,1136,1254,1179,1027,1208,1178,1510,1894,2086,1994,1475,1232,1184,1266,1230,1124,1224,1163,1470,1967,2112,2006,1390,1194,1115,1256
182,HPN,615,542,619,608,616,602,622,672,705,737,683,698,730,681,687,673,687,685,698,698,646,720,660,614,545,539,613,589,606,634,607,612,564,642,593,585
183,LBE,0,0,0,0,0,0,0,0,0,0,0,0,93,91,109,109,140,142,146,147,121,117,95,87,93,101,114,94,85,81,84,84,70,69,78,93
184,TLH,414,357,408,397,379,356,355,354,351,334,364,360,332,294,356,290,281,283,284,293,259,279,257,264,208,228,260,257,204,258,199,199,191,202,190,169
185,MVY,0,0,0,0,10,30,44,45,21,11,0,0,0,0,0,0,16,38,62,62,27,11,0,0,0,0,0,0,31,48,62,57,36,14,0,0
186,MCO,9189,8642,10464,9557,9593,9488,9781,8969,7674,8401,8894,9757,10075,9233,11291,10480,10390,10261,10514,9667,8380,9048,9888,10801,10730,10148,11752,10910,10546,10617,11149,10157,8819,9642,10157,11102
187,EYW,424,387,439,398,408,283,251,255,240,259,254,301,245,208,220,202,139,147,157,172,104,151,171,208,184,176,185,177,158,121,127,125,112,124,115,145
188,ATW,183,161,232,228,247,275,182,219,249,312,223,201,226,209,286,260,300,224,316,301,245,260,251,231,272,246,288,322,271,259,231,258,308,378,299,250
189,KTN,186,168,186,180,199,233,246,240,201,186,178,184,186,168,186,180,217,264,280,270,207,186,178,184,186,174,186,180,215,262,273,271,194,181,174,180
190,BOS,8283,7755,9322,9374,9534,9662,10098,9932,9105,9673,9020,8872,8841,8383,9980,10005,10243,10544,10837,10728,9724,10161,9463,9103,9100,8796,9927,9897,10651,10865,11142,11222,10083,10466,9743,9361
191,FAI,326,296,189,150,184,281,301,278,169,151,139,154,155,140,172,172,211,265,279,264,187,177,168,170,174,162,175,172,220,279,310,288,185,179,167,173
192,JFK,7882,7261,8431,8209,8477,8581,9085,9048,8283,8636,8067,8590,8461,7735,8841,8596,8878,8844,9237,9196,8045,8285,7745,8231,8014,7661,8551,8206,8364,8438,8771,8643,7663,7765,7578,8072
193,CDC,54,48,52,52,53,51,54,83,52,54,48,53,53,48,53,52,52,52,54,52,52,53,51,54,51,50,54,51,53,52,52,54,52,52,52,53
194,DEN,17955,16179,18996,17455,18997,19708,20773,20184,18907,19411,17296,18206,17059,15638,18617,17472,18072,18684,19083,18871,17393,18125,17120,18001,17527,16554,19104,18038,19043,19746,20896,20866,19265,19418,17608,18160
195,BIL,276,224,266,296,333,302,295,293,276,232,224,224,222,208,251,224,249,278,338,333,243,263,254,270,281,269,302,248,246,298,338,320,244,288,276,300
196,TYR,232,208,221,213,226,227,233,225,218,235,211,208,194,181,208,202,219,225,233,225,215,227,207,190,172,165,53,6,1,0,0,0,0,0,0,17
197,TYS,685,625,645,636,762,741,798,795,777,802,746,725,603,549,665,634,677,681,705,683,628,629,582,557,523,500,574,582,590,650,641,651,604,682,607,611
198,SEA,7776,7027,8271,8438,9208,10141,10747,10991,9314,9232,8586,8991,8426,7722,9266,9254,10341,11191,11989,12092,10511,10385,9740,10375,9739,9204,10276,10319,11500,12511,13165,13230,11002,10880,10168,10633
199,FAR,432,388,400,494,455,477,425,417,424,449,391,451,480,417,512,491,516,560,627,612,441,526,500,537,378,323,321,281,372,412,350,361,325,313,260,284
200,PAH,62,56,62,62,62,60,62,62,60,62,59,61,61,56,62,60,62,60,62,62,60,62,60,61,62,55,58,56,58,56,57,58,56,57,55,56
201,FAT,933,821,944,903,953,956,971,944,756,813,734,739,695,611,651,644,658,628,662,686,650,657,581,551,598,551,567,661,704,766,773,764,700,738,735,759
202,DRO,223,170,151,172,172,127,227,218,157,169,121,152,189,160,184,198,203,207,208,198,179,178,148,194,105,98,176,177,240,181,218,210,164,142,137,114
203,LIH,869,783,924,898,932,977,1039,1023,871,930,931,988,957,843,947,903,946,1039,1086,1062,850,882,913,999,1005,921,993,943,977,1102,1149,1107,854,898,886,995
204,OMA,1685,1519,1668,1533,1783,1783,1795,1658,1538,1701,1512,1543,1546,1373,1634,1598,1611,1483,1572,1487,1415,1501,1478,1555,1414,1270,1528,1429,1499,1473,1517,1519,1578,1600,1553,1592
205,BIS,180,137,135,119,140,215,243,231,155,244,244,264,310,280,298,298,319,327,359,354,300,340,301,309,208,170,229,255,196,234,212,197,204,166,148,158
206,FNT,315,301,366,330,308,355,369,379,378,389,398,420,389,352,448,461,484,455,468,465,386,412,433,405,297,337,385,316,333,299,376,376,303,294,277,285
207,FAY,191,176,202,191,198,173,169,162,166,173,160,153,157,149,142,126,165,146,149,150,134,150,164,152,154,134,143,140,144,142,143,147,141,145,138,130
208,OME,60,55,62,60,62,60,62,61,60,62,58,59,61,56,62,60,62,60,62,62,60,62,58,60,61,58,62,60,61,60,61,62,59,62,58,60
209,DLG,0,0,0,0,0,23,31,23,0,0,0,0,0,0,0,0,0,24,31,22,0,0,0,0,0,0,0,0,0,26,31,27,0,0,0,0
210,GCC,124,112,124,120,124,120,124,124,120,120,115,120,120,84,93,86,88,86,89,88,86,88,86,89,88,83,89,85,88,86,87,89,86,88,85,86
211,DLH,124,125,94,143,146,271,165,193,147,149,170,144,151,136,105,109,128,182,153,163,218,223,192,184,173,193,234,202,232,173,235,230,174,262,179,192
212,HDN,173,166,183,0,0,3,21,19,2,1,0,78,151,153,173,21,0,6,31,31,8,20,0,129,184,175,189,39,31,30,32,47,60,53,29,157
213,RDD,93,84,93,90,93,90,93,93,90,93,89,92,92,84,66,60,62,60,62,62,60,62,58,61,61,58,62,86,92,90,92,93,85,92,90,90
214,EGE,302,268,305,1,0,26,48,42,30,0,11,166,299,262,290,49,0,30,44,39,30,3,11,189,308,304,322,71,31,67,107,82,79,39,44,268
215,ABE,137,125,189,183,169,53,80,92,173,171,149,120,163,164,216,224,230,205,232,233,221,238,235,153,181,162,167,166,228,244,238,235,169,202,196,181
216,ILG,56,50,59,57,78,75,80,80,72,66,17,21,26,20,27,25,0,0,0,0,0,0,0,0,0,0,0,0,0,0,0,0,0,0,0,0
217,PNS,678,600,702,661,696,709,738,710,640,703,662,687,635,571,626,624,513,696,749,687,487,478,456,490,441,416,495,482,499,572,593,565,479,488,444,497
218,CDV,60,56,62,60,62,60,62,62,60,62,58,60,60,56,62,60,62,60,62,62,60,62,58,60,60,58,62,60,61,60,62,62,60,62,58,60
219,PUB,0,0,0,52,53,51,53,52,52,54,50,54,53,48,53,52,52,6,0,0,0,0,0,0,0,0,0,0,0,0,0,0,0,0,0,0
220,PHF,180,157,173,174,185,166,184,176,167,175,167,160,141,103,149,104,93,109,118,119,109,114,113,106,88,81,93,90,93,109,115,107,83,93,87,88
221,AUS,3337,3028,3661,3548,3732,3778,3924,3736,3607,3779,3425,3540,3372,3063,3751,3745,3959,4060,4302,4164,3807,4014,3963,3892,3581,3329,3956,3851,3883,3910,4134,4071,3844,4041,3838,3827
222,LIT,1151,1044,1156,1206,1282,1292,1287,1232,1126,1109,1046,984,912,821,979,887,936,1066,1055,1032,957,1050,882,890,614,586,696,682,743,703,752,780,715,771,685,665
223,GCK,62,56,62,60,62,60,62,61,60,62,60,62,62,56,62,60,61,60,62,62,59,62,58,60,0,0,0,0,0,59,62,62,60,62,60,62
224,ABI,244,220,243,236,242,236,238,237,232,240,224,241,239,215,244,202,207,206,211,210,193,201,190,210,0,0,0,0,0,4,23,27,26,29,25,27
225,JMS,0,0,0,0,0,62,76,75,73,78,78,79,76,69,75,74,73,73,77,74,73,75,73,77,74,72,76,72,75,74,84,84,82,84,80,82
226,LCH,175,160,181,162,179,174,179,172,163,177,169,151,148,169,182,165,169,176,156,175,164,198,181,174,76,76,83,72,104,72,91,126,144,148,139,133
227,SLC,8676,7807,9371,8728,8804,9503,10031,10043,9108,9233,8457,8825,8626,7866,9475,8845,8757,8975,9502,9502,8406,8764,8435,8804,8699,8274,9534,8650,9043,9307,9783,9807,8867,9205,8577,9108
228,SRQ,343,361,464,363,301,287,269,253,215,282,292,326,313,331,460,358,282,293,241,225,209,306,297,361,327,346,453,344,246,209,211,210,190,210,227,310
229,ILM,189,140,179,198,198,201,217,220,225,202,186,152,149,130,150,136,133,193,198,188,193,215,207,184,197,177,174,175,179,221,238,249,255,260,246,211
230,RDM,278,241,274,296,325,321,335,323,176,178,173,176,165,153,184,176,179,227,243,231,189,200,197,209,183,166,183,175,55,301,333,319,268,273,260,272
231,PHL,6024,5551,6489,6279,6423,6221,6357,6255,5822,6005,5668,5729,5784,5209,6003,5838,6178,6246,6450,6416,6005,6089,5963,5925,5671,5379,6069,5936,6445,6383,6629,6566,5897,6217,5975,5999
232,FOE,50,56,59,56,57,56,56,56,3,0,0,0,0,0,0,0,0,0,0,0,0,0,0,0,0,0,0,0,0,0,0,0,0,0,0,0
233,MDT,339,328,387,376,365,414,329,313,234,346,326,251,295,290,384,300,321,291,280,294,240,285,326,265,190,140,175,192,254,178,174,205,265,296,282,199
234,KOA,905,824,927,837,841,959,1045,1045,840,906,896,967,991,906,1041,946,981,1125,1173,1139,905,967,919,987,985,933,1067,976,994,1105,1166,1146,880,929,948,1099
235,BPT,89,80,88,86,88,89,93,91,90,93,88,92,93,81,93,90,89,90,91,91,84,87,82,89,85,65,64,60,62,60,62,44,0,0,2,44
236,OGG,1747,1583,1870,1762,1798,1916,2059,1990,1718,1794,1784,1932,1919,1729,1968,1828,1826,1942,1988,1928,1733,1823,1791,1986,1906,1795,2009,1894,1899,2027,2150,2072,1826,1860,1845,2039
237,MKE,2652,2411,3006,2865,2898,3009,3118,2938,2678,2784,2594,2700,2574,2341,2967,2825,2803,2800,2897,2760,2554,2644,2703,2609,2706,2579,2948,2758,2766,2932,2939,2832,2564,2587,2478,2488
238,ABQ,1909,1710,2118,2095,2189,2301,2458,2255,2020,2073,1741,1762,1570,1410,1689,1754,1861,1905,2045,1938,1756,1815,1636,1624,1445,1340,1487,1548,1690,1649,1658,1624,1614,1702,1604,1607
239,MDW,6577,6059,7418,7436,7656,7849,8204,7834,7411,7850,7015,7189,6746,6044,7441,7444,7591,7986,8359,7928,7323,7613,6916,7106,6676,6208,7330,7297,7546,7916,8140,7838,7277,7526,6890,7158
240,MQT,27,24,26,26,26,26,27,26,26,27,26,27,26,24,27,26,26,26,27,26,26,26,25,46,55,52,58,55,57,59,76,62,55,57,55,56
241,CEC,85,75,83,82,83,81,85,83,82,85,80,59,61,56,62,11,0,0,0,0,0,0,0,0,0,0,0,0,0,0,0,0,0,0,0,0
242,MKG,62,56,62,60,62,60,62,62,60,62,59,62,62,56,62,60,62,60,62,62,60,62,60,61,62,55,58,55,58,56,57,58,56,57,55,56
243,ABR,62,56,61,60,62,60,62,62,60,72,72,62,62,56,62,60,62,60,62,62,60,71,63,62,62,58,62,60,62,60,62,62,60,69,65,61
244,BJI,62,56,62,60,62,60,62,62,60,62,60,62,62,56,62,60,62,60,62,62,60,62,59,62,62,58,62,60,62,60,62,62,60,62,59,61
245,RDU,3251,2869,3389,3342,3426,3330,3534,3379,3044,3236,3022,2996,2733,2427,2876,2858,3030,3196,3245,3033,2751,2999,2858,2890,2571,2438,2813,2837,3206,3143,3216,3161,2867,2948,2928,2837
246,GPT,356,331,364,336,398,378,416,385,338,327,316,347,337,314,386,365,358,348,332,327,299,303,276,262,264,246,268,254,265,290,270,270,246,267,262,247
247,OTH,31,28,31,16,18,32,60,61,33,32,18,16,17,16,18,17,18,32,40,40,40,36,18,19,17,17,17,17,18,32,39,40,37,33,16,17
248,BWI,7176,6570,7810,7803,8084,7994,8173,7870,7283,7603,7096,7383,6913,6237,7763,7887,8179,8419,8745,8340,7717,8020,7888,7997,7174,6685,7838,7869,8349,8583,8852,8345,7835,8226,8128,8327
249,JAC,337,320,362,132,193,335,478,485,315,153,137,318,354,325,369,157,177,341,479,486,332,157,127,363,403,397,407,157,185,360,574,528,352,176,80,310
250,PBG,0,0,0,0,0,0,0,0,0,0,0,0,31,28,31,26,22,21,26,26,16,13,24,31,31,29,31,27,27,26,26,27,23,22,40,62
251,DSM,886,822,788,789,869,851,861,831,790,803,842,778,843,765,814,721,702,777,787,770,671,710,750,788,659,638,672,631,683,614,773,710,601,635,613,559
252,PBI,2259,2157,2662,2182,1713,1468,1490,1474,1269,1562,1960,2327,2422,2258,2662,2327,1942,1625,1681,1650,1552,1746,2023,2432,2430,2375,2668,2292,1898,1655,1653,1661,1528,1672,2032,2416
253,PHX,13335,12071,14738,13561,13766,13804,14270,13564,12132,13346,12581,13298,13121,11907,14523,13743,13801,13869,14270,13704,12025,12932,12531,13318,13035,12294,14445,13402,13670,13690,14012,13312,11965,12962,12750,13627
254,ABY,89,75,88,84,84,84,86,85,85,85,79,78,82,75,88,84,79,77,77,80,78,87,81,75,80,78,89,85,86,86,86,89,84,88,79,73
255,SYR,550,481,471,507,540,610,550,578,522,605,572,472,464,421,501,417,476,485,539,572,532,639,596,607,458,397,600,462,519,434,570,548,496,475,466,457
256,ISN,226,209,238,230,231,227,225,235,248,265,243,259,258,234,273,234,245,239,249,230,178,220,216,186,169,172,156,144,149,146,145,148,140,100,87,85
257,DFW,23482,21239,23760,22628,23618,23772,24466,24070,23023,23523,21671,23058,23173,20839,23208,21866,22163,22575,22895,22297,20348,21033,19543,20675,16572,15421,17035,16149,16554,16655,17290,17303,16086,16282,15213,15471
258,ISP,398,437,534,460,452,404,403,374,351,363,384,397,378,349,436,443,453,404,406,379,350,366,392,402,382,346,407,431,444,397,407,376,352,367,385,414
259,TTN,136,167,215,212,261,289,324,318,300,311,295,279,239,208,233,233,279,270,279,279,270,277,268,278,167,144,153,166,186,181,185,187,178,185,180,199
260,JAN,732,660,730,706,747,683,674,651,613,655,610,628,633,566,652,626,665,696,699,691,625,654,632,613,428,411,437,415,437,443,472,478,377,454,431,418
261,AVL,232,213,258,286,287,306,370,348,336,296,226,237,209,182,234,222,214,320,342,317,282,283,215,210,204,183,269,272,265,336,358,332,309,350,261,256
262,PIA,293,233,343,367,332,293,345,340,377,384,349,378,362,327,447,410,454,381,441,459,477,475,447,462,250,271,275,225,271,287,262,247,210,238,207,207
263,OAJ,139,128,123,113,115,119,115,113,116,113,110,98,112,102,94,102,105,103,105,106,100,112,109,98,90,92,102,113,117,113,111,115,107,109,104,98
264,VPS,401,347,437,382,469,496,503,466,387,392,369,413,384,346,440,441,465,532,540,493,407,416,400,420,359,331,397,388,364,385,417,383,305,286,285,308
265,OAK,3410,3105,3513,3507,3610,3802,3965,3848,3631,3724,3514,3637,3633,3238,3703,3798,3913,4054,4192,4142,3849,4012,3826,3965,3652,3366,3761,3843,4034,4374,4504,4519,4159,4325,4088,4183
266,GJT,266,248,333,265,303,389,329,322,331,334,259,331,279,228,293,276,312,345,288,295,299,271,264,300,188,196,265,238,326,280,264,253,225,280,225,179
267,CRP,517,478,556,539,581,581,601,587,564,582,541,547,546,514,592,565,574,377,367,339,302,366,372,333,247,235,254,293,262,228,258,246,220,231,260,231
268,MEI,0,0,0,0,0,0,0,0,0,0,65,85,84,76,84,82,83,82,85,83,82,84,81,86,83,79,85,81,84,82,83,85,82,83,81,84
269,PIB,0,0,0,0,0,0,0,0,0,0,41,54,53,48,53,52,52,52,54,52,52,53,51,54,52,50,54,51,53,52,52,54,52,52,52,53
270,EAU,62,56,62,60,62,60,62,62,60,62,60,62,62,56,62,60,62,60,62,62,60,62,60,62,62,55,58,55,58,56,57,58,56,57,55,56
271,BDL,1806,1667,1872,1923,1776,1872,1939,1876,1665,1697,1833,1854,1682,1465,1726,1696,1816,1792,1842,1755,1566,1715,1755,1702,1520,1436,1622,1711,1800,1768,1771,1693,1590,1732,1857,1822
272,HRL,368,335,389,366,344,287,293,286,273,289,276,284,289,260,291,285,288,279,289,283,267,286,278,275,245,236,269,246,260,264,274,268,246,217,228,222
273,RKS,155,140,155,150,155,150,155,154,150,120,115,119,120,56,62,56,57,56,58,57,56,57,55,57,57,54,58,55,57,56,56,43,56,57,55,56
274,AVP,66,57,140,160,163,159,165,164,161,165,183,113,117,90,93,142,155,115,146,121,110,113,156,114,155,123,121,68,168,110,165,174,168,177,150,89
275,CLD,207,188,207,202,205,202,233,230,219,209,193,203,204,188,209,39,0,0,0,0,0,0,0,0,0,0,0,0,0,0,0,0,0,0,0,0
276,SFO,13539,12081,13846,13734,14164,14372,14951,14766,13871,14489,13243,13827,12883,11555,13431,13015,13520,13844,14435,14605,13318,14170,13527,13833,13206,12423,14255,13951,14907,14931,15493,15968,14434,14818,13873,14139
277,CLE,3345,3081,3442,3383,3281,2948,2996,2884,2856,3235,2989,3038,2996,2851,3154,3139,3405,3307,3367,3322,3125,3221,3067,2847,2688,2600,2811,2785,2898,3071,3098,3099,2904,2937,2623,2595
278,FCA,155,130,123,76,115,203,379,365,252,103,81,89,129,123,154,122,144,201,317,316,232,123,139,147,137,137,185,172,181,186,309,307,261,166,158,172
279,BQK,86,75,88,85,84,90,86,88,85,85,80,83,85,78,80,76,78,77,78,81,80,85,82,84,86,81,89,85,86,86,91,92,83,88,81,84
280,MEM,1317,1142,1271,1236,1260,1216,1283,1274,1261,1247,1234,1297,1238,1123,1349,1551,1495,1323,1354,1328,1335,1518,1450,1223,1154,1032,1021,1147,1173,1296,1265,1263,1207,1273,1212,1082
281,OTZ,60,55,62,60,62,60,62,58,60,62,58,59,61,56,62,60,62,60,62,62,60,62,58,60,61,58,62,60,62,60,61,62,59,62,58,60
282,PVD,902,879,1114,975,947,1011,1136,1126,1036,1009,995,1022,1024,817,1060,1000,981,986,992,996,1048,1098,1070,1085,996,868,1059,1069,1098,1069,1086,1057,991,1082,1129,1184
283,BQN,112,105,123,120,141,150,155,128,69,77,96,132,115,85,99,100,120,150,173,152,93,98,115,141,172,117,115,111,170,186,209,199,140,147,143,163
284,EUG,440,377,454,442,463,483,499,493,390,408,384,393,330,288,327,336,352,348,364,366,326,328,289,305,290,276,306,291,316,313,308,305,281,279,294,277
285,PIH,84,75,83,82,82,111,116,114,110,89,79,84,61,52,58,56,57,56,58,70,76,57,54,56,56,52,84,81,81,82,81,85,80,83,78,82
286,CRW,256,237,265,287,295,294,311,312,274,213,197,208,176,171,237,237,242,230,223,227,213,224,217,213,196,181,205,222,236,236,232,227,213,220,202,182
287,HYA,0,0,0,0,0,5,31,31,9,0,0,0,0,0,0,0,0,13,31,31,8,0,0,0,0,0,0,0,15,25,31,31,14,5,0,0
288,LWS,54,48,57,55,56,60,32,59,56,58,55,59,53,48,49,47,48,56,62,60,51,53,55,58,55,57,62,60,59,60,60,62,59,62,58,61
289,JAX,1832,1713,1962,1956,2036,1824,1877,1830,1736,1740,1695,1793,1497,1330,1714,1720,1733,1692,1747,1669,1549,1710,1656,1733,1499,1427,1555,1558,1599,1624,1576,1588,1553,1601,1484,1590
290,JNU,303,276,305,300,361,485,521,511,338,306,286,296,302,276,307,301,375,484,523,513,372,336,316,327,346,336,363,351,391,484,512,507,338,326,309,317
291,ACK,0,0,0,0,29,76,105,108,55,24,0,0,0,0,0,0,48,88,139,138,79,28,0,0,0,0,0,0,67,113,158,147,93,34,0,0
292,MLB,120,106,123,116,117,116,119,118,107,116,109,119,118,106,124,120,115,136,132,132,108,116,111,130,117,106,147,145,143,142,131,128,109,115,107,127
293,CLL,226,211,237,222,238,232,237,231,219,231,216,205,203,186,213,205,228,231,216,219,204,222,214,190,55,49,50,47,122,121,89,107,130,136,105,123
294,YAK,60,56,62,60,62,60,62,62,60,62,58,60,60,56,62,60,62,60,62,62,60,62,58,60,60,58,62,60,61,60,61,62,60,62,58,60
295,SMF,3381,3032,3472,3506,3636,3658,3826,3686,3455,3610,3434,3408,3218,2939,3223,3369,3641,3549,3644,3638,3524,3618,3243,3224,3154,2988,3338,3284,3531,3610,3673,3711,3388,3588,3496,3502
296,WRG,62,56,62,60,62,60,62,62,60,62,58,60,62,56,62,60,62,60,62,62,60,62,58,60,62,58,62,60,62,60,62,62,60,62,58,60
297,ONT,1683,1498,1716,1711,1751,1755,1803,1765,1670,1784,1671,1678,1590,1413,1557,1680,1742,1692,1730,1727,1661,1742,1622,1565,1598,1495,1649,1647,1738,1633,1624,1671,1595,1654,1609,1729
298,BKG,97,84,97,105,120,49,31,31,30,26,0,0,0,0,0,0,0,0,0,0,0,0,0,0,0,0,0,0,0,0,0,0,0,0,0,0
299,APN,56,48,52,52,53,51,54,52,52,54,48,54,53,48,53,52,52,52,54,52,52,53,51,54,52,50,55,50,54,52,62,58,52,52,53,52
300,IMT,59,52,57,56,57,56,58,57,56,58,55,58,57,52,58,56,57,56,58,57,56,57,55,59,57,54,58,55,58,56,57,58,56,57,55,56
301,MLI,340,320,353,374,457,453,387,408,395,427,316,369,427,394,350,410,310,336,318,318,346,308,298,270,219,91,188,307,263,288,163,174,145,245,258,188
302,ACT,151,136,150,146,149,146,146,147,146,151,141,153,147,134,155,150,149,146,149,148,140,148,142,151,146,139,149,145,121,71,112,119,106,110,102,100
303,HLN,118,98,149,104,117,142,150,149,116,114,108,103,110,105,115,136,143,139,146,146,136,141,140,118,119,122,146,141,145,145,148,151,144,150,140,127
304,PIT,2321,2104,2520,2386,2474,2455,2511,2362,2292,2371,2307,2174,2084,1949,2325,2113,2336,2312,2367,2281,2080,2130,2168,2106,1888,1760,2065,2084,2150,2237,2312,2203,2063,2212,2161,2166
305,CLT,9777,8847,9792,9481,9626,8923,9213,9015,9150,9746,9180,9506,9351,8299,9383,8883,9226,9020,9370,9263,9085,9573,9185,9257,9224,8724,9343,9042,9522,9210,9380,9536,9181,9476,9071,8978
306,ACV,269,236,263,258,264,253,260,270,285,287,248,169,149,131,101,113,98,110,123,122,114,122,133,125,125,116,95,116,124,120,121,127,120,126,119,109
307,MRY,414,379,428,416,428,393,400,399,382,368,316,309,323,289,260,266,262,267,303,308,243,241,231,222,210,160,176,202,212,206,210,210,198,260,259,244
308,DAB,119,125,154,150,152,149,152,139,116,118,116,124,119,128,155,150,152,150,149,135,111,119,115,130,146,160,182,180,179,179,184,168,145,150,145,161
309,ITH,0,0,0,0,0,0,0,0,0,0,0,0,0,6,0,6,0,0,0,0,0,0,0,23,59,73,75,85,86,86,44,58,86,87,81,85
310,CSG,110,102,119,114,115,114,116,116,115,119,112,79,80,91,111,113,109,76,102,102,106,112,103,74,81,94,120,115,117,107,107,113,99,109,101,72
311,PPG,10,8,9,8,9,11,11,9,9,9,8,11,10,8,9,8,9,11,14,11,8,9,9,10,10,9,8,9,10,13,14,11,9,9,8,11
312,ACY,0,0,0,61,62,60,62,62,60,62,60,3,341,308,360,360,346,330,341,341,268,248,278,298,310,290,310,316,341,330,341,341,261,248,282,323
313,FWA,304,283,290,288,288,310,321,324,398,404,376,357,303,374,520,525,540,502,527,527,501,511,496,447,309,311,356,341,381,371,342,351,352,370,354,350
314,SGF,559,523,558,567,580,582,562,564,563,547,538,564,590,541,655,605,652,653,472,502,479,529,532,556,232,241,234,221,256,303,246,228,222,239,202,174
315,HYS,0,0,0,0,0,0,0,52,52,54,52,53,53,48,53,52,53,52,54,52,52,53,51,53,52,50,54,51,53,53,52,54,52,52,51,52
316,STC,0,0,0,0,52,60,62,62,58,58,55,61,58,24,0,0,0,0,0,0,0,0,0,0,0,0,0,0,0,0,0,0,0,0,0,0
317,TUL,1612,1449,1622,1573,1598,1456,1671,1585,1450,1495,1403,1334,1287,1194,1456,1230,1238,1304,1286,1293,1313,1318,1202,1167,1200,1147,1220,1183,1146,1083,1160,1197,1164,1148,1152,1190
318,IAD,4688,4222,5215,4987,5105,4936,5128,5060,4857,5055,4412,4320,3700,2998,3033,2955,3244,3382,3334,3228,2925,3000,2684,2799,2533,2240,2642,2762,2921,3169,3235,3182,2892,3082,2905,2867
319,ITO,518,464,511,497,519,504,524,521,498,516,490,517,505,460,537,532,545,543,564,557,495,504,480,505,492,465,517,503,516,511,543,562,496,515,498,522
320,MFE,348,315,388,358,414,385,391,380,361,378,361,370,373,343,376,412,409,339,259,259,242,239,200,195,194,191,165,186,197,160,203,180,183,186,189,185
321,BRD,79,68,73,74,75,74,85,79,74,77,70,77,55,48,53,52,52,52,62,60,52,53,50,54,52,50,54,51,53,52,62,58,52,52,51,53
322,MLU,276,253,261,266,278,289,294,288,265,283,258,268,251,229,270,281,277,282,290,286,269,278,271,256,246,233,241,242,280,286,259,261,262,272,236,255
323,MYR,116,105,161,120,153,151,161,162,179,173,120,114,268,295,448,482,577,570,589,575,486,507,298,242,228,288,475,549,604,609,677,665,531,522,333,272
324,SMX,102,96,109,107,106,114,116,109,98,100,88,76,60,56,62,60,63,60,62,62,60,62,59,59,62,58,62,60,62,60,62,62,60,9,0,0
325,DTW,7550,6876,8995,8627,9278,9161,9693,9556,8939,9641,8972,8696,9468,8767,10279,9996,10449,9824,10494,10231,9387,9913,9861,9642,9463,9202,10504,10454,11134,10781,10402,10710,10247,11277,10244,9709
326,IND,2253,2080,2596,2489,2615,2475,2629,2380,2184,2260,2265,2306,2104,1875,2403,2358,2354,2421,2551,2366,2168,2378,2458,2499,2207,2109,2459,2318,2452,2462,2418,2223,2007,2119,2033,2027
327,DAL,3861,3499,3905,3883,3934,3839,3930,3707,3584,4314,4793,5045,5153,4697,5135,5151,5437,5407,5582,5806,5737,5930,5728,5870,5795,5436,5931,5637,5767,5718,5816,5862,5656,5815,5711,5818
328,GRB,350,331,429,394,480,454,483,460,351,443,390,399,367,372,535,435,334,503,545,520,465,488,444,363,243,243,366,319,329,355,372,359,236,300,321,284
329,IAG,0,0,0,0,0,0,0,0,0,0,0,0,31,33,40,31,27,25,27,27,22,22,28,31,31,37,44,33,26,26,27,26,23,23,40,62
