,City,1,2,3,4,5,6,7,8,9,10,11,12,13,14,15,16,17,18,19,20,21,22,23,24,25,26,27,28,29,30,31,32,33,34,35,36
0,"Columbus, GA",220.0,204.0,238.0,227.0,230.0,228.0,232.0,232.0,230.0,238.0,224.0,158.0,160.0,182.0,222.0,226.0,218.0,152.0,204.0,204.0,213.0,224.0,206.0,148.0,162.0,188.0,240.0,230.0,234.0,214.0,214.0,226.0,198.0,218.0,202.0,144.0
1,"Detroit, MI",15092.0,13757.0,17993.0,17254.0,18555.0,18319.0,19390.0,19109.0,17876.0,19282.0,17952.0,17385.0,18941.0,17550.0,20596.0,20012.0,20923.0,19647.0,20997.0,20468.0,18779.0,19838.0,19696.0,19289.0,18952.0,18403.0,21009.0,20901.0,22272.0,21583.0,20773.0,21390.0,20458.0,22500.0,20440.0,19405.0
2,"San Jose, CA",6658.0,6011.0,6821.0,7028.0,7211.0,7548.0,7818.0,7438.0,7069.0,7286.0,6850.0,6863.0,6668.0,6011.0,6664.0,6943.0,7330.0,7445.0,7656.0,7506.0,6886.0,6963.0,6667.0,6628.0,6431.0,6047.0,6529.0,6527.0,7016.0,7443.0,7600.0,7744.0,7131.0,7217.0,7191.0,7273.0
3,"Columbus, MS",170.0,154.0,176.0,174.0,172.0,170.0,170.0,176.0,171.0,178.0,164.0,155.0,167.0,156.0,178.0,168.0,174.0,172.0,174.0,176.0,170.0,176.0,166.0,153.0,167.0,162.0,178.0,170.0,178.0,172.0,172.0,178.0,168.0,176.0,160.0,146.0
4,"Niagara Falls, NY",,,,,,,,,,,,,62.0,66.0,80.0,62.0,54.0,51.0,54.0,54.0,44.0,44.0,55.0,62.0,62.0,74.0,88.0,67.0,52.0,51.0,54.0,53.0,46.0,46.0,79.0,124.0
5,"Moline, IL",679.0,640.0,706.0,748.0,914.0,905.0,775.0,816.0,790.0,854.0,632.0,738.0,852.0,789.0,701.0,818.0,621.0,673.0,636.0,635.0,693.0,616.0,595.0,541.0,435.0,186.0,374.0,613.0,527.0,574.0,328.0,347.0,290.0,489.0,517.0,376.0
6,"Oklahoma City, OK",3392.0,3003.0,3478.0,3172.0,3603.0,3734.0,3985.0,3700.0,3494.0,3698.0,3092.0,3099.0,2764.0,2491.0,2761.0,2810.0,2827.0,3045.0,3247.0,3165.0,3077.0,3280.0,3075.0,3029.0,2646.0,2483.0,2726.0,2532.0,2604.0,2521.0,2676.0,2744.0,2709.0,2793.0,2525.0,2434.0
7,"New York, NY",32825.0,30355.0,34893.0,34640.0,35105.0,35360.0,36925.0,36608.0,33659.0,35254.0,33787.0,35617.0,35946.0,33365.0,37976.0,36199.0,36610.0,36003.0,37424.0,36878.0,32932.0,33748.0,31387.0,32086.0,32104.0,31092.0,33700.0,31911.0,32788.0,33710.0,34540.0,34666.0,31638.0,31519.0,30039.0,30925.0
8,"Watertown, NY",116.0,104.0,114.0,112.0,27.0,,,,,,,,,,,,,,,,,,,,,,,,,,,,,,,
9,"Columbia, MO",178.0,160.0,176.0,231.0,244.0,240.0,248.0,244.0,240.0,248.0,250.0,248.0,248.0,224.0,248.0,232.0,230.0,238.0,242.0,244.0,228.0,246.0,234.0,248.0,,,,,,,,,,,,
10,"Chico, CA",184.0,168.0,186.0,180.0,186.0,180.0,184.0,178.0,178.0,186.0,178.0,11.0,,,,,,,,,,,,,,,,,,,,,,,,
11,"Trenton, NJ",269.0,333.0,430.0,424.0,524.0,578.0,647.0,636.0,600.0,621.0,590.0,558.0,478.0,414.0,464.0,466.0,558.0,540.0,558.0,558.0,540.0,554.0,535.0,555.0,335.0,288.0,306.0,332.0,371.0,362.0,370.0,373.0,356.0,370.0,360.0,397.0
12,"Hancock/Houghton, MI",124.0,116.0,124.0,120.0,124.0,120.0,124.0,124.0,120.0,124.0,120.0,124.0,120.0,112.0,122.0,120.0,124.0,120.0,125.0,126.0,122.0,124.0,120.0,124.0,125.0,116.0,124.0,120.0,124.0,133.0,124.0,126.0,120.0,124.0,119.0,122.0
13,"Hartford, CT",3606.0,3335.0,3746.0,3846.0,3554.0,3743.0,3878.0,3754.0,3332.0,3392.0,3667.0,3710.0,3362.0,2930.0,3450.0,3392.0,3630.0,3588.0,3684.0,3512.0,3132.0,3429.0,3510.0,3406.0,3040.0,2870.0,3244.0,3419.0,3600.0,3536.0,3544.0,3384.0,3180.0,3461.0,3714.0,3647.0
14,"Hibbing, MN",110.0,96.0,106.0,102.0,114.0,104.0,106.0,106.0,102.0,108.0,102.0,110.0,153.0,152.0,168.0,164.0,168.0,162.0,170.0,166.0,164.0,168.0,158.0,170.0,166.0,158.0,170.0,162.0,168.0,164.0,166.0,170.0,164.0,166.0,160.0,168.0
15,"Jackson/Vicksburg, MS",1465.0,1321.0,1460.0,1413.0,1493.0,1367.0,1348.0,1301.0,1226.0,1311.0,1220.0,1256.0,1267.0,1132.0,1302.0,1252.0,1330.0,1392.0,1398.0,1382.0,1250.0,1308.0,1264.0,1226.0,857.0,822.0,874.0,829.0,874.0,887.0,942.0,957.0,754.0,908.0,862.0,836.0
16,"Cedar Rapids/Iowa City, IA",875.0,762.0,1014.0,1013.0,1126.0,1182.0,1115.0,1158.0,1231.0,1304.0,1125.0,1236.0,1332.0,1231.0,1296.0,1273.0,1424.0,1328.0,1422.0,1306.0,969.0,1065.0,987.0,1097.0,485.0,655.0,883.0,861.0,876.0,805.0,631.0,732.0,831.0,719.0,824.0,612.0
17,"Fayetteville, NC",382.0,352.0,406.0,382.0,396.0,346.0,338.0,324.0,332.0,347.0,320.0,307.0,313.0,298.0,284.0,252.0,330.0,292.0,298.0,300.0,268.0,300.0,328.0,304.0,308.0,268.0,286.0,280.0,288.0,284.0,286.0,294.0,282.0,290.0,276.0,260.0
18,"Cincinnati, OH",3024.0,2748.0,3750.0,3318.0,3342.0,3658.0,3717.0,3637.0,3129.0,3691.0,3807.0,3714.0,3420.0,3202.0,3751.0,3663.0,3894.0,3955.0,3837.0,3923.0,3580.0,3836.0,3526.0,3307.0,2505.0,2596.0,2850.0,2717.0,2941.0,3006.0,2699.0,2611.0,2186.0,2461.0,2251.0,2240.0
19,"Saipan, TT",,,,,,,,,,,2.0,,,,,,,,,,,,,,,,,,,,,,,2.0,,
20,"White Plains, NY",1230.0,1085.0,1238.0,1216.0,1232.0,1203.0,1245.0,1343.0,1410.0,1474.0,1366.0,1398.0,1456.0,1363.0,1372.0,1344.0,1373.0,1366.0,1397.0,1396.0,1292.0,1441.0,1319.0,1224.0,1093.0,1073.0,1226.0,1178.0,1212.0,1267.0,1216.0,1225.0,1127.0,1284.0,1185.0,1171.0
21,"Bangor, ME",121.0,109.0,168.0,176.0,162.0,159.0,223.0,256.0,23.0,132.0,114.0,5.0,,43.0,,,116.0,88.0,132.0,152.0,84.0,53.0,68.0,49.0,10.0,,2.0,61.0,72.0,162.0,245.0,247.0,237.0,120.0,59.0,
22,"Twin Falls, ID",232.0,208.0,228.0,230.0,273.0,134.0,124.0,122.0,118.0,124.0,114.0,120.0,124.0,106.0,116.0,112.0,176.0,172.0,178.0,176.0,166.0,174.0,164.0,140.0,208.0,169.0,197.0,171.0,173.0,172.0,170.0,117.0,166.0,176.0,164.0,208.0
23,"Bristol/Johnson City/Kingsport, TN",342.0,329.0,400.0,397.0,406.0,392.0,354.0,355.0,290.0,348.0,328.0,328.0,333.0,302.0,346.0,330.0,388.0,392.0,390.0,396.0,322.0,318.0,302.0,356.0,324.0,306.0,338.0,332.0,352.0,404.0,388.0,382.0,376.0,372.0,378.0,369.0
24,"Sarasota/Bradenton, FL",686.0,722.0,928.0,726.0,602.0,574.0,538.0,507.0,430.0,563.0,584.0,653.0,625.0,661.0,921.0,716.0,564.0,586.0,482.0,451.0,418.0,611.0,594.0,722.0,654.0,692.0,906.0,688.0,492.0,418.0,422.0,420.0,380.0,420.0,454.0,618.0
25,"Springfield, MO",1118.0,1046.0,1117.0,1135.0,1160.0,1164.0,1124.0,1129.0,1126.0,1093.0,1077.0,1128.0,1180.0,1083.0,1309.0,1210.0,1305.0,1305.0,946.0,1004.0,957.0,1060.0,1062.0,1112.0,463.0,482.0,469.0,442.0,511.0,607.0,493.0,457.0,443.0,478.0,404.0,349.0
26,"International Falls, MN",108.0,96.0,104.0,104.0,106.0,106.0,124.0,124.0,104.0,108.0,100.0,108.0,106.0,96.0,106.0,104.0,104.0,106.0,106.0,108.0,104.0,106.0,100.0,108.0,108.0,100.0,108.0,102.0,106.0,104.0,108.0,104.0,104.0,104.0,102.0,106.0
27,"Pago Pago, TT",20.0,16.0,18.0,16.0,18.0,22.0,22.0,18.0,18.0,18.0,16.0,22.0,20.0,16.0,18.0,16.0,18.0,22.0,28.0,22.0,16.0,18.0,18.0,20.0,20.0,18.0,16.0,18.0,20.0,26.0,28.0,22.0,18.0,18.0,16.0,22.0
28,"Fort Wayne, IN",607.0,566.0,581.0,576.0,576.0,620.0,642.0,648.0,794.0,808.0,752.0,715.0,606.0,744.0,1039.0,1050.0,1080.0,1004.0,1054.0,1056.0,1002.0,1022.0,992.0,896.0,617.0,622.0,712.0,682.0,761.0,742.0,685.0,702.0,703.0,740.0,708.0,700.0
29,"Topeka, KS",99.0,112.0,118.0,112.0,114.0,112.0,112.0,112.0,7.0,,,,,,,,,,,,,,,,,,,,,,,,,,,
30,"Charlotte, NC",19545.0,17690.0,19583.0,18962.0,19244.0,17848.0,18423.0,18037.0,18293.0,19501.0,18336.0,19037.0,18701.0,16589.0,18767.0,17765.0,18453.0,18042.0,18740.0,18525.0,18171.0,19145.0,18377.0,18516.0,18437.0,17449.0,18689.0,18075.0,19046.0,18413.0,18761.0,19087.0,18364.0,18945.0,18139.0,17958.0
31,"Bozeman, MT",550.0,535.0,678.0,575.0,527.0,791.0,1108.0,1088.0,792.0,530.0,284.0,582.0,503.0,541.0,599.0,407.0,338.0,729.0,1025.0,1050.0,840.0,670.0,504.0,673.0,536.0,604.0,743.0,499.0,488.0,736.0,1134.0,1037.0,871.0,626.0,424.0,804.0
32,"Toledo, OH",139.0,160.0,176.0,172.0,174.0,172.0,174.0,174.0,172.0,178.0,166.0,176.0,178.0,160.0,178.0,172.0,174.0,180.0,182.0,186.0,174.0,176.0,168.0,171.0,,,,,,,,,,,,
33,"Kotzebue, AK",120.0,110.0,124.0,120.0,124.0,120.0,124.0,116.0,120.0,124.0,116.0,118.0,122.0,112.0,124.0,120.0,124.0,120.0,124.0,124.0,120.0,124.0,116.0,120.0,122.0,116.0,124.0,120.0,124.0,120.0,122.0,124.0,118.0,124.0,116.0,120.0
34,"Fresno, CA",1865.0,1642.0,1888.0,1807.0,1906.0,1912.0,1942.0,1888.0,1511.0,1627.0,1466.0,1478.0,1391.0,1222.0,1303.0,1287.0,1316.0,1257.0,1324.0,1370.0,1301.0,1313.0,1163.0,1101.0,1196.0,1102.0,1134.0,1320.0,1409.0,1531.0,1547.0,1528.0,1400.0,1477.0,1469.0,1518.0
35,"Melbourne, FL",238.0,212.0,246.0,232.0,234.0,232.0,238.0,236.0,214.0,232.0,218.0,238.0,236.0,212.0,248.0,240.0,230.0,272.0,264.0,264.0,216.0,232.0,222.0,260.0,234.0,212.0,294.0,290.0,286.0,284.0,262.0,256.0,218.0,230.0,215.0,254.0
36,"Montgomery, AL",590.0,565.0,628.0,601.0,625.0,558.0,570.0,585.0,582.0,616.0,582.0,581.0,565.0,512.0,602.0,576.0,580.0,576.0,584.0,580.0,602.0,618.0,584.0,581.0,383.0,366.0,400.0,448.0,416.0,400.0,394.0,394.0,436.0,446.0,420.0,395.0
37,"Greensboro/High Point, NC",1179.0,1108.0,1519.0,1510.0,1467.0,1500.0,1654.0,1636.0,1608.0,1499.0,1452.0,1535.0,1359.0,1278.0,1486.0,1378.0,1363.0,1154.0,1096.0,1122.0,1293.0,1193.0,1026.0,916.0,855.0,754.0,946.0,1081.0,1115.0,1078.0,984.0,1059.0,1168.0,1266.0,1074.0,798.0
38,"Cody, WY",124.0,112.0,124.0,120.0,126.0,192.0,204.0,206.0,158.0,124.0,118.0,124.0,124.0,112.0,124.0,121.0,124.0,178.0,196.0,153.0,64.0,62.0,64.0,70.0,66.0,58.0,129.0,121.0,177.0,239.0,241.0,235.0,212.0,128.0,116.0,122.0
39,"Dubuque, IA",89.0,69.0,149.0,164.0,168.0,162.0,168.0,168.0,172.0,178.0,166.0,148.0,172.0,152.0,168.0,164.0,164.0,172.0,176.0,176.0,168.0,174.0,166.0,178.0,,,,,,,,,,,,
40,"Long Beach, CA",1944.0,1702.0,1870.0,1878.0,2121.0,2191.0,2390.0,2330.0,1681.0,1747.0,1577.0,1660.0,1540.0,1353.0,1519.0,1512.0,1674.0,1730.0,1840.0,1836.0,1569.0,1549.0,1463.0,1519.0,1510.0,1418.0,1540.0,1518.0,1717.0,1936.0,2019.0,2164.0,2023.0,2171.0,2031.0,2282.0
41,"Fayetteville, AR",1657.0,1599.0,1913.0,1791.0,1830.0,1897.0,1940.0,1884.0,1626.0,1693.0,1589.0,1544.0,1529.0,1480.0,1764.0,1659.0,1662.0,1803.0,1865.0,1817.0,1803.0,1881.0,1629.0,1556.0,734.0,815.0,961.0,997.0,1082.0,1074.0,1029.0,1071.0,1016.0,1049.0,898.0,830.0
42,"Key West, FL",848.0,772.0,878.0,796.0,816.0,566.0,502.0,510.0,480.0,518.0,508.0,603.0,490.0,416.0,440.0,404.0,278.0,294.0,314.0,344.0,208.0,302.0,342.0,416.0,368.0,352.0,370.0,354.0,316.0,242.0,254.0,250.0,224.0,248.0,230.0,290.0
43,"Boise, ID",1660.0,1471.0,1919.0,1821.0,1885.0,2021.0,2086.0,2037.0,1883.0,1935.0,1775.0,1963.0,1890.0,1670.0,1925.0,1834.0,2119.0,2275.0,2396.0,2349.0,2150.0,2323.0,2303.0,2400.0,2344.0,2278.0,2332.0,2200.0,2362.0,2582.0,2688.0,2669.0,2460.0,2544.0,2391.0,2565.0
44,"Panama City, FL",554.0,500.0,787.0,804.0,820.0,806.0,822.0,765.0,641.0,664.0,572.0,480.0,467.0,426.0,828.0,856.0,884.0,906.0,980.0,920.0,732.0,751.0,690.0,653.0,647.0,606.0,822.0,810.0,822.0,911.0,904.0,780.0,718.0,732.0,654.0,615.0
45,"Modesto, CA",186.0,168.0,186.0,180.0,186.0,23.0,,,,,,,,,,,,,,,,,,,,,,,,,,,,,,
46,"Albany, NY",1188.0,1196.0,1534.0,1198.0,1313.0,1303.0,1533.0,1479.0,1248.0,1353.0,1315.0,1327.0,1138.0,1099.0,1370.0,1363.0,1400.0,1276.0,1433.0,1466.0,1387.0,1467.0,1432.0,1555.0,1517.0,1350.0,1671.0,1579.0,1776.0,1626.0,1588.0,1518.0,1480.0,1556.0,1547.0,1486.0
47,"Appleton, WI",365.0,323.0,463.0,456.0,494.0,551.0,363.0,437.0,498.0,623.0,447.0,402.0,452.0,418.0,570.0,522.0,599.0,449.0,631.0,603.0,490.0,520.0,500.0,463.0,542.0,492.0,576.0,644.0,542.0,520.0,461.0,515.0,617.0,755.0,597.0,501.0
48,"Flagstaff, AZ",258.0,252.0,336.0,302.0,312.0,344.0,360.0,336.0,286.0,324.0,304.0,256.0,284.0,248.0,274.0,246.0,306.0,346.0,364.0,338.0,290.0,316.0,304.0,320.0,314.0,294.0,336.0,302.0,318.0,340.0,354.0,324.0,296.0,314.0,290.0,210.0
49,"Williston, ND",452.0,418.0,476.0,460.0,462.0,454.0,450.0,468.0,491.0,526.0,482.0,513.0,516.0,469.0,545.0,468.0,489.0,479.0,498.0,461.0,355.0,441.0,431.0,373.0,338.0,343.0,314.0,288.0,298.0,292.0,290.0,297.0,280.0,201.0,174.0,170.0
50,"Hays, KS",,,,,,,,103.0,104.0,108.0,104.0,106.0,106.0,97.0,106.0,104.0,105.0,104.0,108.0,104.0,104.0,106.0,102.0,106.0,104.0,100.0,108.0,102.0,106.0,105.0,104.0,108.0,105.0,104.0,102.0,104.0
51,"Lafayette, LA",1006.0,940.0,1128.0,1056.0,1141.0,1149.0,1119.0,1120.0,1056.0,1029.0,1058.0,1013.0,979.0,903.0,1028.0,1019.0,1051.0,1010.0,946.0,922.0,855.0,863.0,779.0,804.0,539.0,533.0,507.0,535.0,502.0,495.0,412.0,460.0,531.0,521.0,542.0,613.0
52,"San Francisco, CA",27089.0,24169.0,27691.0,27468.0,28344.0,28729.0,29905.0,29522.0,27749.0,28988.0,26479.0,27643.0,25774.0,23124.0,26853.0,26034.0,27063.0,27690.0,28879.0,29195.0,26644.0,28340.0,27064.0,27654.0,26413.0,24843.0,28514.0,27906.0,29806.0,29858.0,30984.0,31930.0,28859.0,29619.0,27747.0,28277.0
53,"Hilo, HI",1036.0,928.0,1022.0,995.0,1039.0,1008.0,1048.0,1042.0,996.0,1032.0,980.0,1034.0,1010.0,920.0,1074.0,1064.0,1090.0,1086.0,1128.0,1114.0,990.0,1007.0,960.0,1010.0,984.0,930.0,1034.0,1006.0,1032.0,1022.0,1074.0,1093.0,962.0,998.0,966.0,1013.0
54,"Kodiak, AK",106.0,96.0,62.0,60.0,124.0,114.0,116.0,116.0,102.0,62.0,56.0,58.0,60.0,56.0,62.0,60.0,124.0,114.0,116.0,114.0,94.0,62.0,60.0,60.0,86.0,78.0,62.0,62.0,102.0,112.0,112.0,116.0,112.0,114.0,68.0,60.0
55,"Muskegon, MI",124.0,112.0,124.0,120.0,124.0,120.0,124.0,124.0,120.0,124.0,118.0,124.0,124.0,112.0,124.0,120.0,124.0,120.0,124.0,124.0,120.0,124.0,120.0,122.0,124.0,110.0,116.0,110.0,116.0,112.0,114.0,116.0,112.0,114.0,110.0,112.0
56,"Baton Rouge, LA",1422.0,1317.0,1500.0,1406.0,1456.0,1420.0,1417.0,1418.0,1401.0,1436.0,1378.0,1379.0,1311.0,1241.0,1409.0,1320.0,1338.0,1320.0,1350.0,1336.0,1191.0,1318.0,1295.0,1223.0,1179.0,1130.0,1183.0,1165.0,1207.0,1267.0,1234.0,1202.0,1038.0,1042.0,1069.0,1085.0
57,"Miami, FL",14862.0,13544.0,15216.0,14118.0,14255.0,13448.0,13911.0,13621.0,12436.0,12792.0,12482.0,13766.0,13388.0,12004.0,13542.0,12930.0,12680.0,12329.0,12781.0,12657.0,11291.0,11914.0,11802.0,13261.0,12171.0,11485.0,12430.0,11728.0,12226.0,11716.0,11888.0,11570.0,10213.0,10770.0,11007.0,12122.0
58,"Manchester, NH",1106.0,986.0,982.0,1065.0,1091.0,1205.0,1269.0,1206.0,1308.0,1203.0,1041.0,1045.0,940.0,820.0,1249.0,1284.0,1232.0,1207.0,1187.0,1235.0,1215.0,1156.0,1122.0,1093.0,885.0,917.0,937.0,1151.0,1339.0,1265.0,1130.0,1144.0,1200.0,1261.0,1127.0,1071.0
59,"Butte, MT",124.0,112.0,124.0,120.0,124.0,120.0,166.0,148.0,120.0,124.0,120.0,124.0,125.0,112.0,124.0,120.0,124.0,120.0,124.0,124.0,120.0,124.0,120.0,122.0,116.0,108.0,116.0,110.0,116.0,112.0,114.0,116.0,112.0,114.0,110.0,111.0
60,"Charleston, SC",1889.0,1647.0,2147.0,2494.0,2541.0,2490.0,2601.0,2560.0,2448.0,2546.0,2139.0,2039.0,1858.0,1560.0,2061.0,2333.0,2295.0,2193.0,2365.0,2272.0,2142.0,2414.0,2412.0,2145.0,2030.0,1877.0,2452.0,2691.0,2767.0,2695.0,2834.0,2685.0,2423.0,2539.0,2352.0,2007.0
61,"Fort Smith, AR",414.0,370.0,416.0,400.0,416.0,408.0,415.0,410.0,403.0,454.0,410.0,392.0,397.0,369.0,408.0,348.0,354.0,346.0,344.0,340.0,342.0,360.0,338.0,355.0,297.0,286.0,195.0,180.0,178.0,180.0,136.0,140.0,180.0,186.0,174.0,176.0
62,"Manhattan/Ft. Riley, KS",292.0,264.0,294.0,280.0,306.0,298.0,304.0,306.0,300.0,308.0,302.0,310.0,302.0,265.0,305.0,292.0,298.0,300.0,306.0,310.0,296.0,302.0,288.0,306.0,,,,,,2.0,,,,,,
63,"South Bend, IN",616.0,604.0,762.0,741.0,838.0,944.0,987.0,942.0,857.0,950.0,852.0,744.0,770.0,789.0,935.0,815.0,792.0,806.0,797.0,826.0,822.0,831.0,773.0,781.0,792.0,760.0,925.0,890.0,864.0,906.0,955.0,980.0,906.0,952.0,881.0,812.0
64,"Erie, PA",,,,,,103.0,124.0,120.0,113.0,116.0,113.0,125.0,255.0,157.0,136.0,118.0,120.0,120.0,122.0,124.0,116.0,114.0,110.0,114.0,116.0,106.0,117.0,110.0,114.0,112.0,110.0,116.0,110.0,114.0,232.0,138.0
65,"Charlotte Amalie, VI",834.0,786.0,926.0,764.0,666.0,708.0,752.0,644.0,354.0,476.0,661.0,821.0,951.0,860.0,976.0,950.0,820.0,768.0,792.0,701.0,368.0,474.0,626.0,884.0,894.0,880.0,1062.0,985.0,859.0,858.0,928.0,802.0,502.0,600.0,678.0,963.0
66,"Killeen, TX",841.0,761.0,848.0,807.0,807.0,809.0,824.0,817.0,768.0,746.0,748.0,797.0,764.0,745.0,797.0,748.0,738.0,756.0,753.0,744.0,688.0,741.0,663.0,670.0,430.0,407.0,458.0,471.0,276.0,318.0,256.0,260.0,236.0,254.0,246.0,248.0
67,"Jamestown, ND",,,,,,124.0,152.0,149.0,146.0,156.0,156.0,156.0,151.0,137.0,150.0,148.0,145.0,146.0,154.0,149.0,146.0,150.0,146.0,154.0,148.0,143.0,152.0,144.0,150.0,148.0,168.0,168.0,164.0,168.0,160.0,165.0
68,"Minneapolis, MN",16170.0,14634.0,17245.0,17200.0,17683.0,19790.0,20250.0,20128.0,17700.0,18203.0,16572.0,16845.0,17809.0,16432.0,19886.0,20031.0,20966.0,22735.0,23619.0,23247.0,20308.0,21207.0,19639.0,19573.0,19166.0,18605.0,21685.0,21311.0,22005.0,22953.0,24481.0,24312.0,21193.0,22302.0,20451.0,19918.0
69,"Lewiston, ID",108.0,96.0,114.0,110.0,112.0,120.0,64.0,119.0,111.0,116.0,110.0,118.0,106.0,96.0,98.0,94.0,96.0,112.0,124.0,120.0,102.0,106.0,110.0,117.0,110.0,114.0,124.0,120.0,118.0,120.0,120.0,124.0,118.0,124.0,116.0,122.0
70,"Missoula, MT",458.0,390.0,539.0,447.0,567.0,721.0,964.0,970.0,753.0,458.0,250.0,348.0,272.0,226.0,300.0,292.0,356.0,467.0,605.0,567.0,460.0,341.0,256.0,353.0,362.0,326.0,461.0,307.0,478.0,518.0,690.0,665.0,491.0,323.0,336.0,405.0
71,"Santa Maria, CA",204.0,192.0,218.0,214.0,212.0,228.0,232.0,218.0,196.0,200.0,176.0,152.0,120.0,112.0,124.0,120.0,126.0,120.0,124.0,124.0,120.0,124.0,118.0,119.0,123.0,116.0,124.0,120.0,124.0,120.0,124.0,124.0,120.0,19.0,,
72,"Monterey, CA",827.0,758.0,856.0,832.0,856.0,787.0,800.0,798.0,764.0,736.0,632.0,618.0,645.0,578.0,520.0,532.0,524.0,534.0,606.0,616.0,487.0,482.0,462.0,444.0,420.0,321.0,352.0,402.0,424.0,412.0,420.0,420.0,395.0,519.0,518.0,488.0
73,"Fort Lauderdale, FL",11760.0,11043.0,13202.0,11696.0,10465.0,10185.0,10410.0,9540.0,8131.0,9045.0,10693.0,12056.0,14357.0,13393.0,15582.0,13963.0,13028.0,12522.0,12891.0,12238.0,10658.0,11632.0,13409.0,15182.0,15343.0,14691.0,16146.0,14488.0,13670.0,13099.0,13534.0,12716.0,11263.0,12026.0,13861.0,15759.0
74,"Medford, OR",552.0,482.0,546.0,532.0,533.0,532.0,496.0,494.0,498.0,544.0,498.0,530.0,445.0,375.0,426.0,409.0,458.0,419.0,490.0,498.0,476.0,486.0,460.0,491.0,470.0,438.0,428.0,454.0,533.0,519.0,549.0,555.0,532.0,503.0,460.0,490.0
75,"Seattle, WA",15556.0,14055.0,16541.0,16873.0,18421.0,20282.0,21493.0,21973.0,18630.0,18466.0,17170.0,17976.0,16853.0,15441.0,18537.0,18508.0,20687.0,22377.0,23987.0,24174.0,21019.0,20773.0,19479.0,20744.0,19488.0,18409.0,20564.0,20630.0,23000.0,25023.0,26330.0,26444.0,21999.0,21765.0,20339.0,21261.0
76,"Kona, HI",1810.0,1648.0,1855.0,1674.0,1682.0,1920.0,2090.0,2089.0,1678.0,1812.0,1792.0,1934.0,1981.0,1812.0,2082.0,1892.0,1963.0,2250.0,2346.0,2277.0,1810.0,1934.0,1840.0,1974.0,1975.0,1866.0,2134.0,1953.0,1988.0,2211.0,2344.0,2323.0,1788.0,1888.0,1927.0,2227.0
77,"Aberdeen, SD",124.0,112.0,123.0,120.0,124.0,120.0,124.0,124.0,120.0,144.0,144.0,124.0,124.0,112.0,124.0,120.0,124.0,120.0,124.0,124.0,120.0,142.0,126.0,124.0,124.0,116.0,124.0,120.0,124.0,120.0,124.0,124.0,120.0,138.0,130.0,122.0
78,"Monroe, LA",551.0,506.0,522.0,532.0,556.0,577.0,588.0,576.0,530.0,566.0,516.0,536.0,502.0,458.0,541.0,561.0,554.0,564.0,580.0,572.0,538.0,557.0,541.0,512.0,493.0,466.0,482.0,484.0,559.0,572.0,518.0,522.0,524.0,544.0,472.0,510.0
79,"Wichita Falls, TX",247.0,224.0,248.0,240.0,246.0,240.0,238.0,244.0,240.0,248.0,236.0,248.0,212.0,206.0,248.0,240.0,246.0,240.0,244.0,244.0,224.0,244.0,180.0,183.0,,,175.0,128.0,186.0,180.0,184.0,186.0,170.0,184.0,164.0,138.0
80,"Ponce, PR",149.0,112.0,124.0,120.0,124.0,143.0,186.0,145.0,97.0,121.0,127.0,164.0,147.0,112.0,124.0,120.0,124.0,145.0,186.0,129.0,120.0,124.0,128.0,165.0,145.0,116.0,124.0,120.0,146.0,159.0,186.0,175.0,118.0,124.0,142.0,174.0
81,"Abilene, TX",487.0,440.0,486.0,472.0,484.0,472.0,476.0,474.0,464.0,480.0,448.0,482.0,478.0,430.0,489.0,404.0,414.0,412.0,422.0,420.0,386.0,402.0,380.0,421.0,,,,,,8.0,46.0,54.0,52.0,58.0,50.0,54.0
82,"Santa Barbara, CA",1580.0,1454.0,1724.0,1407.0,1449.0,1276.0,1244.0,1294.0,1331.0,1387.0,1236.0,1253.0,1156.0,968.0,960.0,1124.0,1142.0,1194.0,1248.0,1225.0,1078.0,1129.0,1023.0,916.0,1000.0,882.0,960.0,992.0,1028.0,994.0,1068.0,1080.0,1034.0,1068.0,932.0,929.0
83,"Flint, MI",629.0,602.0,732.0,661.0,616.0,708.0,738.0,758.0,756.0,778.0,798.0,839.0,776.0,705.0,895.0,922.0,968.0,910.0,936.0,930.0,772.0,825.0,866.0,812.0,593.0,673.0,769.0,634.0,666.0,598.0,751.0,753.0,606.0,588.0,554.0,569.0
84,"Dallas/Fort Worth, TX",46970.0,42476.0,47517.0,45260.0,47232.0,47550.0,48930.0,48132.0,46048.0,47042.0,43345.0,46117.0,46326.0,41678.0,46432.0,43733.0,44323.0,45148.0,45790.0,44595.0,40682.0,42077.0,39077.0,41349.0,33137.0,30851.0,34079.0,32296.0,33098.0,33326.0,34581.0,34580.0,32175.0,32561.0,30437.0,30959.0
85,"Redding, CA",186.0,168.0,186.0,180.0,186.0,180.0,186.0,186.0,180.0,186.0,178.0,184.0,184.0,168.0,132.0,120.0,124.0,120.0,124.0,124.0,120.0,124.0,116.0,122.0,122.0,116.0,124.0,172.0,184.0,180.0,184.0,186.0,170.0,184.0,180.0,180.0
86,"Sioux Falls, SD",1183.0,1140.0,1008.0,1105.0,1151.0,1220.0,1246.0,1259.0,1274.0,1111.0,1041.0,1100.0,1218.0,1054.0,1068.0,1034.0,868.0,1036.0,974.0,920.0,860.0,889.0,901.0,727.0,690.0,680.0,689.0,660.0,741.0,729.0,658.0,717.0,682.0,859.0,724.0,631.0
87,"San Diego, CA",12174.0,10969.0,12863.0,12508.0,12897.0,13490.0,14384.0,13852.0,12461.0,13054.0,12139.0,12672.0,12170.0,10958.0,13178.0,12844.0,13186.0,13530.0,14059.0,13753.0,12345.0,12416.0,11931.0,12460.0,12032.0,11371.0,12896.0,12750.0,13145.0,13746.0,14322.0,14231.0,12870.0,13285.0,12629.0,13095.0
88,"Rock Springs, WY",310.0,280.0,310.0,299.0,310.0,300.0,310.0,308.0,300.0,240.0,230.0,238.0,240.0,112.0,124.0,112.0,114.0,112.0,116.0,114.0,112.0,114.0,110.0,114.0,114.0,108.0,116.0,110.0,114.0,112.0,112.0,86.0,112.0,114.0,110.0,112.0
89,"Latrobe, PA",,,,,,,,,,,,,186.0,182.0,219.0,218.0,280.0,284.0,292.0,294.0,242.0,234.0,190.0,174.0,186.0,202.0,228.0,189.0,170.0,162.0,168.0,168.0,140.0,138.0,155.0,186.0
90,"Portland, OR",8747.0,7723.0,9304.0,9228.0,9648.0,9645.0,10110.0,10159.0,8379.0,8288.0,7643.0,7795.0,7272.0,6386.0,7803.0,7751.0,8325.0,9418.0,10219.0,10208.0,8931.0,9103.0,8780.0,9073.0,8279.0,7852.0,9231.0,9187.0,9926.0,10717.0,11433.0,11339.0,9822.0,10052.0,9580.0,9925.0
91,"Billings, MT",552.0,449.0,531.0,592.0,664.0,605.0,589.0,586.0,552.0,465.0,448.0,450.0,442.0,417.0,501.0,449.0,497.0,557.0,675.0,666.0,486.0,527.0,507.0,539.0,564.0,537.0,604.0,497.0,493.0,596.0,675.0,640.0,487.0,576.0,553.0,600.0
92,"Adak Island, AK",18.0,16.0,18.0,16.0,18.0,18.0,18.0,18.0,16.0,18.0,18.0,16.0,18.0,16.0,18.0,18.0,18.0,16.0,18.0,18.0,16.0,18.0,18.0,18.0,18.0,16.0,18.0,16.0,18.0,18.0,18.0,16.0,18.0,18.0,16.0,18.0
93,"Wrangell, AK",124.0,112.0,124.0,120.0,124.0,120.0,124.0,124.0,120.0,124.0,116.0,120.0,124.0,112.0,124.0,120.0,124.0,120.0,124.0,124.0,120.0,124.0,116.0,120.0,124.0,116.0,124.0,120.0,124.0,120.0,124.0,124.0,120.0,124.0,116.0,120.0
94,"Dayton, OH",1538.0,1405.0,1579.0,1614.0,1774.0,1687.0,1821.0,1765.0,1558.0,1620.0,1426.0,1473.0,1565.0,1507.0,1638.0,1539.0,1623.0,1648.0,1814.0,1737.0,1407.0,1506.0,1447.0,1423.0,1145.0,970.0,1095.0,1033.0,1043.0,1204.0,1207.0,1156.0,1195.0,1149.0,996.0,800.0
95,"Columbus, OH",4315.0,4042.0,4732.0,4551.0,4717.0,4882.0,4876.0,4555.0,4404.0,4529.0,4314.0,4241.0,4136.0,3838.0,4814.0,4525.0,4519.0,4661.0,4721.0,4500.0,4125.0,4376.0,4329.0,4202.0,3552.0,3433.0,3957.0,3595.0,3861.0,4128.0,4188.0,4047.0,3820.0,3866.0,3867.0,3967.0
96,"Petersburg, AK",124.0,112.0,124.0,120.0,124.0,120.0,124.0,124.0,120.0,124.0,116.0,120.0,124.0,112.0,124.0,120.0,124.0,120.0,124.0,124.0,120.0,124.0,116.0,120.0,124.0,116.0,124.0,120.0,124.0,120.0,124.0,124.0,120.0,124.0,116.0,120.0
97,"Punta Gorda, FL",,,,,,,,,,,,,,,,,,,,,,,,,,,,,,,,,,4.0,80.0,82.0
98,"Buffalo, NY",2696.0,2723.0,3312.0,3248.0,3357.0,3192.0,3127.0,3157.0,3173.0,3113.0,2826.0,2840.0,2590.0,2463.0,3132.0,3196.0,3351.0,3271.0,3366.0,3208.0,3037.0,3180.0,2992.0,3047.0,2621.0,2566.0,3243.0,3029.0,3194.0,3047.0,3221.0,3256.0,3096.0,3012.0,2902.0,2857.0
99,"Lihue, HI",1738.0,1566.0,1848.0,1796.0,1864.0,1954.0,2078.0,2046.0,1740.0,1861.0,1862.0,1976.0,1914.0,1685.0,1894.0,1805.0,1893.0,2079.0,2172.0,2124.0,1699.0,1763.0,1826.0,1999.0,2010.0,1840.0,1985.0,1887.0,1952.0,2206.0,2298.0,2214.0,1706.0,1797.0,1772.0,1990.0
100,"Great Falls, MT",304.0,254.0,292.0,278.0,340.0,378.0,389.0,373.0,390.0,328.0,274.0,342.0,292.0,262.0,292.0,323.0,394.0,414.0,466.0,459.0,379.0,380.0,324.0,327.0,303.0,215.0,331.0,237.0,234.0,381.0,490.0,454.0,295.0,248.0,224.0,246.0
101,"Crescent City, CA",170.0,151.0,166.0,164.0,165.0,163.0,169.0,166.0,164.0,170.0,160.0,118.0,121.0,112.0,124.0,23.0,,,,,,,,,,,,,,,,,,,,
102,"Lansing, MI",232.0,216.0,176.0,321.0,364.0,420.0,232.0,303.0,316.0,263.0,400.0,311.0,382.0,359.0,267.0,382.0,209.0,320.0,340.0,295.0,306.0,446.0,415.0,422.0,500.0,491.0,350.0,573.0,341.0,461.0,494.0,473.0,207.0,247.0,359.0,371.0
103,"Los Angeles, CA",36955.0,33124.0,38088.0,37093.0,38830.0,38905.0,40733.0,38851.0,35174.0,36395.0,34101.0,35624.0,34672.0,31526.0,36020.0,34824.0,35955.0,37075.0,38736.0,38535.0,35004.0,35467.0,32922.0,34100.0,32833.0,30814.0,34609.0,33986.0,35385.0,38150.0,39835.0,39447.0,35055.0,35979.0,34087.0,35775.0
104,"Burlington, VT",586.0,507.0,483.0,633.0,718.0,943.0,765.0,829.0,851.0,784.0,523.0,773.0,481.0,359.0,477.0,518.0,483.0,546.0,609.0,563.0,694.0,697.0,472.0,752.0,526.0,595.0,666.0,573.0,715.0,760.0,790.0,840.0,749.0,712.0,462.0,702.0
105,"Louisville, KY",2304.0,2090.0,2437.0,2612.0,2707.0,2501.0,2542.0,2471.0,2412.0,2599.0,2125.0,2026.0,1885.0,1744.0,2087.0,1852.0,2120.0,1989.0,1824.0,1745.0,1624.0,1687.0,1847.0,1686.0,1493.0,1471.0,1549.0,1653.0,1891.0,1907.0,1728.0,1682.0,1661.0,1782.0,1592.0,1475.0
106,"Montrose/Delta, CO",329.0,368.0,419.0,24.0,12.0,213.0,121.0,112.0,68.0,42.0,,233.0,332.0,337.0,291.0,43.0,2.0,173.0,247.0,194.0,81.0,13.0,52.0,248.0,305.0,284.0,416.0,118.0,63.0,119.0,152.0,189.0,208.0,59.0,22.0,264.0
107,"Dickinson, ND",234.0,210.0,238.0,256.0,286.0,276.0,318.0,316.0,318.0,340.0,304.0,261.0,219.0,196.0,276.0,300.0,270.0,135.0,128.0,122.0,118.0,122.0,111.0,,,,,,,,,,,,,
108,"Asheville, NC",463.0,426.0,516.0,571.0,574.0,614.0,739.0,699.0,669.0,592.0,452.0,475.0,416.0,364.0,469.0,443.0,428.0,641.0,684.0,634.0,563.0,567.0,429.0,421.0,408.0,366.0,537.0,544.0,530.0,673.0,716.0,664.0,618.0,700.0,523.0,512.0
109,"Idaho Falls, ID",444.0,399.0,466.0,458.0,462.0,515.0,659.0,623.0,546.0,489.0,475.0,448.0,379.0,324.0,344.0,366.0,388.0,457.0,530.0,506.0,405.0,402.0,384.0,411.0,415.0,382.0,390.0,398.0,412.0,415.0,489.0,480.0,402.0,414.0,391.0,378.0
110,"Laredo, TX",403.0,364.0,398.0,396.0,402.0,402.0,406.0,412.0,400.0,412.0,388.0,413.0,417.0,368.0,418.0,404.0,404.0,404.0,414.0,410.0,394.0,406.0,392.0,379.0,327.0,318.0,346.0,325.0,403.0,300.0,398.0,412.0,372.0,382.0,358.0,308.0
111,"Rochester, MN",78.0,82.0,225.0,296.0,296.0,304.0,242.0,304.0,356.0,374.0,352.0,350.0,375.0,352.0,378.0,368.0,364.0,394.0,430.0,409.0,348.0,370.0,348.0,342.0,155.0,172.0,230.0,226.0,236.0,150.0,229.0,228.0,228.0,238.0,207.0,123.0
112,"New Bern/Morehead/Beaufort, NC",125.0,102.0,114.0,112.0,112.0,120.0,183.0,178.0,154.0,162.0,117.0,119.0,114.0,102.0,98.0,90.0,96.0,94.0,114.0,114.0,104.0,110.0,110.0,114.0,110.0,110.0,117.0,118.0,120.0,120.0,120.0,124.0,114.0,124.0,112.0,114.0
113,"Klamath Falls, OR",124.0,112.0,124.0,120.0,124.0,14.0,,,,,,,,,,,,,,,,,,,,,,,,,,,,,,
114,"Islip, NY",796.0,873.0,1070.0,919.0,904.0,809.0,806.0,747.0,702.0,726.0,769.0,795.0,755.0,698.0,872.0,886.0,906.0,808.0,812.0,758.0,700.0,732.0,784.0,805.0,763.0,692.0,813.0,862.0,889.0,794.0,814.0,752.0,704.0,734.0,769.0,828.0
115,"Savannah, GA",1051.0,1147.0,1616.0,1550.0,1721.0,1603.0,1515.0,1648.0,1646.0,1774.0,1575.0,1518.0,1222.0,1120.0,1361.0,1494.0,1601.0,1524.0,1491.0,1503.0,1324.0,1322.0,1315.0,1126.0,1062.0,1034.0,1274.0,1278.0,1139.0,1226.0,1271.0,1418.0,1307.0,1308.0,1173.0,1162.0
116,"Harrisburg, PA",678.0,655.0,775.0,753.0,730.0,830.0,657.0,627.0,467.0,691.0,653.0,504.0,587.0,581.0,767.0,601.0,641.0,583.0,560.0,587.0,481.0,570.0,651.0,532.0,379.0,280.0,349.0,384.0,507.0,357.0,348.0,409.0,530.0,592.0,564.0,400.0
117,"Kahului, HI",3493.0,3166.0,3739.0,3524.0,3597.0,3833.0,4118.0,3980.0,3437.0,3588.0,3570.0,3863.0,3838.0,3456.0,3936.0,3656.0,3652.0,3885.0,3975.0,3853.0,3465.0,3646.0,3577.0,3972.0,3815.0,3588.0,4019.0,3786.0,3797.0,4054.0,4300.0,4143.0,3651.0,3720.0,3691.0,4079.0
118,"Nantucket, MA",,,,,58.0,152.0,210.0,216.0,110.0,48.0,,,,,,,96.0,176.0,278.0,276.0,158.0,56.0,,,,,,,134.0,226.0,316.0,294.0,186.0,68.0,,
119,"Elmira/Corning, NY",209.0,267.0,352.0,354.0,361.0,325.0,355.0,350.0,360.0,363.0,337.0,291.0,326.0,342.0,380.0,386.0,392.0,376.0,402.0,398.0,366.0,390.0,390.0,345.0,359.0,362.0,398.0,301.0,300.0,292.0,296.0,302.0,290.0,300.0,278.0,201.0
120,"Corpus Christi, TX",1035.0,956.0,1112.0,1078.0,1161.0,1162.0,1202.0,1173.0,1129.0,1164.0,1082.0,1096.0,1092.0,1028.0,1183.0,1135.0,1148.0,756.0,734.0,678.0,604.0,732.0,744.0,667.0,495.0,469.0,508.0,587.0,525.0,458.0,515.0,492.0,440.0,462.0,519.0,464.0
121,"Rapid City, SD",541.0,432.0,386.0,473.0,698.0,853.0,1122.0,939.0,658.0,516.0,395.0,522.0,419.0,420.0,483.0,414.0,616.0,817.0,1031.0,872.0,531.0,472.0,492.0,439.0,435.0,337.0,348.0,499.0,478.0,605.0,857.0,731.0,482.0,417.0,305.0,515.0
122,"Boston, MA",16557.0,15506.0,18645.0,18747.0,19067.0,19320.0,20195.0,19867.0,18211.0,19349.0,18043.0,17759.0,17678.0,16763.0,19951.0,20005.0,20484.0,21088.0,21674.0,21455.0,19450.0,20325.0,18927.0,18223.0,18188.0,17592.0,19854.0,19790.0,21304.0,21731.0,22287.0,22440.0,20167.0,20939.0,19491.0,18730.0
123,"Omaha, NE",3362.0,3040.0,3338.0,3066.0,3561.0,3565.0,3591.0,3315.0,3078.0,3402.0,3022.0,3087.0,3089.0,2746.0,3267.0,3197.0,3220.0,2971.0,3143.0,2976.0,2828.0,3002.0,2956.0,3112.0,2823.0,2539.0,3054.0,2858.0,2998.0,2949.0,3034.0,3036.0,3154.0,3199.0,3110.0,3185.0
124,"Sault Ste. Marie, MI",,,,,,33.0,116.0,65.0,,115.0,110.0,116.0,114.0,104.0,116.0,112.0,124.0,45.0,123.0,124.0,120.0,114.0,121.0,124.0,116.0,116.0,116.0,110.0,114.0,112.0,122.0,120.0,110.0,114.0,110.0,112.0
125,"Wilmington, NC",378.0,281.0,357.0,396.0,394.0,404.0,432.0,440.0,449.0,404.0,372.0,306.0,298.0,260.0,300.0,271.0,266.0,386.0,395.0,377.0,385.0,430.0,414.0,369.0,393.0,354.0,348.0,350.0,358.0,441.0,476.0,498.0,510.0,520.0,492.0,424.0
126,"Bemidji, MN",124.0,112.0,124.0,120.0,124.0,120.0,124.0,124.0,120.0,124.0,120.0,124.0,124.0,112.0,124.0,120.0,124.0,120.0,124.0,124.0,120.0,124.0,118.0,124.0,124.0,116.0,124.0,120.0,124.0,120.0,124.0,124.0,120.0,124.0,118.0,122.0
127,"Nome, AK",120.0,110.0,124.0,120.0,124.0,120.0,124.0,122.0,120.0,124.0,116.0,118.0,122.0,112.0,124.0,120.0,124.0,120.0,124.0,124.0,120.0,124.0,116.0,120.0,122.0,116.0,124.0,120.0,122.0,120.0,122.0,124.0,118.0,124.0,116.0,120.0
128,"Minot, ND",260.0,259.0,265.0,238.0,270.0,267.0,258.0,273.0,246.0,327.0,251.0,275.0,336.0,265.0,269.0,222.0,291.0,361.0,438.0,412.0,408.0,436.0,381.0,317.0,301.0,323.0,324.0,311.0,404.0,337.0,346.0,309.0,120.0,187.0,213.0,117.0
129,"Chattanooga, TN",553.0,558.0,699.0,703.0,683.0,611.0,578.0,640.0,587.0,794.0,738.0,689.0,624.0,664.0,763.0,793.0,833.0,799.0,806.0,814.0,772.0,833.0,793.0,745.0,687.0,708.0,782.0,733.0,779.0,774.0,665.0,678.0,824.0,922.0,860.0,774.0
130,"Saginaw/Bay City/Midland, MI",234.0,218.0,228.0,238.0,238.0,248.0,238.0,238.0,232.0,240.0,308.0,290.0,327.0,302.0,337.0,401.0,369.0,318.0,294.0,280.0,225.0,284.0,288.0,300.0,378.0,326.0,251.0,355.0,190.0,467.0,406.0,399.0,279.0,311.0,276.0,352.0
131,"Gillette, WY",248.0,224.0,248.0,240.0,248.0,240.0,248.0,248.0,240.0,240.0,230.0,240.0,241.0,168.0,186.0,172.0,176.0,172.0,178.0,175.0,173.0,176.0,172.0,179.0,176.0,166.0,178.0,170.0,176.0,172.0,174.0,178.0,172.0,176.0,170.0,172.0
132,"Sitka, AK",185.0,168.0,186.0,180.0,186.0,286.0,310.0,309.0,195.0,186.0,176.0,183.0,185.0,168.0,186.0,180.0,233.0,348.0,373.0,434.0,222.0,186.0,174.0,181.0,185.0,174.0,186.0,180.0,229.0,344.0,364.0,364.0,193.0,178.0,166.0,177.0
133,"Reno, NV",2471.0,2232.0,2712.0,2601.0,2692.0,2906.0,3092.0,2925.0,2369.0,2346.0,1987.0,2344.0,2184.0,1988.0,2384.0,2381.0,2397.0,2717.0,2789.0,2661.0,2300.0,2288.0,2023.0,2197.0,2002.0,1870.0,2212.0,2174.0,2218.0,2535.0,2694.0,2726.0,2578.0,2608.0,2306.0,2446.0
134,"Philadelphia, PA",12046.0,11100.0,12979.0,12559.0,12842.0,12445.0,12712.0,12518.0,11641.0,12011.0,11343.0,11462.0,11551.0,10416.0,12008.0,11681.0,12359.0,12489.0,12901.0,12831.0,12009.0,12183.0,11936.0,11857.0,11335.0,10756.0,12137.0,11856.0,12893.0,12772.0,13255.0,13128.0,11801.0,12432.0,11955.0,12010.0
135,"Kansas City, MO",7228.0,6666.0,7736.0,7511.0,7825.0,7898.0,8215.0,7646.0,7193.0,7747.0,7002.0,6863.0,6473.0,5711.0,7078.0,7240.0,7598.0,7688.0,7621.0,7313.0,6762.0,7112.0,7033.0,6803.0,6645.0,6294.0,7301.0,7248.0,7804.0,7784.0,7897.0,7688.0,7058.0,7316.0,7063.0,7090.0
136,"Pittsburgh, PA",4642.0,4207.0,5041.0,4772.0,4944.0,4915.0,5021.0,4728.0,4585.0,4737.0,4620.0,4353.0,4165.0,3899.0,4645.0,4228.0,4668.0,4626.0,4733.0,4563.0,4162.0,4261.0,4335.0,4215.0,3775.0,3518.0,4130.0,4169.0,4300.0,4471.0,4624.0,4403.0,4126.0,4426.0,4325.0,4333.0
137,"West Yellowstone, MT",,,,,,132.0,140.0,144.0,122.0,,,,,,,,,102.0,106.0,108.0,100.0,,,,,,,,12.0,102.0,116.0,114.0,104.0,,,
138,"Deadhorse, AK",156.0,142.0,160.0,154.0,160.0,154.0,158.0,160.0,156.0,158.0,152.0,158.0,160.0,144.0,160.0,152.0,160.0,156.0,158.0,160.0,154.0,162.0,152.0,154.0,160.0,150.0,158.0,156.0,160.0,152.0,124.0,124.0,120.0,124.0,118.0,122.0
139,"Santa Ana, CA",6440.0,5824.0,6560.0,6430.0,6675.0,6690.0,6860.0,6739.0,6486.0,6752.0,6312.0,6515.0,6365.0,5887.0,6749.0,6624.0,6710.0,6739.0,7203.0,7226.0,6813.0,7080.0,6891.0,7175.0,6928.0,6548.0,7145.0,6950.0,7292.0,7212.0,7334.0,7555.0,7022.0,7215.0,6902.0,7053.0
140,"Wichita, KS",1602.0,1333.0,1410.0,1539.0,1487.0,1612.0,1408.0,1443.0,1546.0,1880.0,1704.0,1433.0,1329.0,1270.0,1510.0,1495.0,1534.0,1662.0,1559.0,1551.0,1375.0,1396.0,1429.0,1479.0,1376.0,1251.0,1367.0,1452.0,1238.0,1222.0,1353.0,1433.0,1243.0,1309.0,1273.0,1209.0
141,"Cedar City, UT",108.0,96.0,104.0,104.0,106.0,102.0,108.0,166.0,104.0,108.0,96.0,106.0,106.0,96.0,106.0,104.0,104.0,104.0,108.0,104.0,104.0,106.0,102.0,108.0,102.0,100.0,108.0,102.0,106.0,104.0,104.0,108.0,104.0,104.0,104.0,106.0
142,"State College, PA",99.0,112.0,124.0,120.0,124.0,120.0,114.0,118.0,120.0,126.0,118.0,147.0,132.0,118.0,147.0,146.0,146.0,171.0,296.0,288.0,121.0,124.0,120.0,141.0,118.0,110.0,124.0,120.0,122.0,120.0,122.0,124.0,114.0,176.0,115.0,131.0
143,"El Paso, TX",2887.0,2565.0,3041.0,2877.0,2926.0,3095.0,3272.0,3142.0,2999.0,3033.0,2283.0,2277.0,2175.0,1871.0,2260.0,2334.0,2300.0,2267.0,2284.0,2213.0,2048.0,2091.0,2141.0,2055.0,1761.0,1610.0,1881.0,1773.0,1832.0,1966.0,1938.0,2052.0,2097.0,1954.0,1904.0,1928.0
144,"Moab, UT",,,104.0,100.0,108.0,104.0,104.0,108.0,102.0,106.0,104.0,102.0,108.0,96.0,106.0,102.0,,,,,,,,,,,,,,,,,,,,
145,"Kalispell, MT",309.0,260.0,247.0,152.0,230.0,404.0,757.0,730.0,506.0,207.0,162.0,177.0,258.0,246.0,308.0,244.0,288.0,402.0,633.0,634.0,464.0,246.0,278.0,294.0,275.0,273.0,370.0,344.0,362.0,371.0,618.0,615.0,522.0,332.0,316.0,344.0
146,"Des Moines, IA",1769.0,1646.0,1578.0,1577.0,1738.0,1703.0,1722.0,1664.0,1579.0,1606.0,1685.0,1559.0,1683.0,1531.0,1627.0,1442.0,1405.0,1553.0,1575.0,1540.0,1343.0,1420.0,1500.0,1574.0,1315.0,1274.0,1343.0,1264.0,1365.0,1228.0,1546.0,1421.0,1201.0,1272.0,1225.0,1121.0
147,"Atlanta, GA",61580.0,55976.0,65396.0,62218.0,63598.0,61879.0,63606.0,63177.0,60394.0,63231.0,58615.0,59951.0,59004.0,54732.0,65529.0,62753.0,64823.0,65474.0,67470.0,67432.0,62664.0,65182.0,61810.0,62049.0,59724.0,57486.0,65780.0,64373.0,66768.0,66547.0,67881.0,68332.0,62985.0,65519.0,61919.0,61313.0
148,"Lexington, KY",820.0,694.0,837.0,1057.0,1046.0,752.0,933.0,1009.0,1017.0,1225.0,1124.0,1018.0,1012.0,889.0,1067.0,1208.0,1140.0,1232.0,1222.0,1190.0,1106.0,1173.0,978.0,917.0,732.0,832.0,828.0,717.0,823.0,810.0,923.0,945.0,897.0,999.0,950.0,884.0
149,"Lincoln, NE",353.0,337.0,406.0,388.0,440.0,428.0,408.0,398.0,431.0,462.0,438.0,398.0,402.0,378.0,468.0,581.0,538.0,418.0,473.0,474.0,607.0,576.0,499.0,435.0,465.0,482.0,586.0,400.0,590.0,534.0,564.0,589.0,453.0,508.0,478.0,461.0
150,"Laramie, WY",124.0,112.0,124.0,120.0,124.0,120.0,124.0,124.0,120.0,124.0,118.0,122.0,124.0,96.0,106.0,104.0,104.0,105.0,108.0,104.0,104.0,106.0,102.0,106.0,104.0,100.0,108.0,102.0,106.0,104.0,104.0,108.0,104.0,104.0,102.0,106.0
151,"Bloomington/Normal, IL",451.0,415.0,510.0,516.0,576.0,586.0,506.0,545.0,579.0,560.0,564.0,459.0,499.0,476.0,534.0,472.0,462.0,538.0,515.0,514.0,491.0,476.0,450.0,510.0,182.0,154.0,186.0,271.0,290.0,280.0,318.0,292.0,270.0,290.0,264.0,237.0
152,"Huntsville, AL",1070.0,972.0,1190.0,1103.0,1122.0,1108.0,1046.0,1069.0,1102.0,988.0,954.0,944.0,837.0,741.0,863.0,862.0,873.0,892.0,848.0,882.0,760.0,780.0,718.0,765.0,629.0,618.0,722.0,653.0,695.0,711.0,710.0,732.0,700.0,736.0,656.0,576.0
153,"Mobile, AL",960.0,885.0,982.0,832.0,909.0,930.0,982.0,961.0,937.0,958.0,862.0,901.0,882.0,820.0,939.0,908.0,932.0,933.0,952.0,932.0,892.0,875.0,921.0,924.0,706.0,654.0,696.0,744.0,782.0,792.0,926.0,921.0,896.0,920.0,900.0,877.0
154,"St. Augustine, FL",,,,,26.0,26.0,26.0,26.0,60.0,72.0,62.0,54.0,32.0,26.0,26.0,28.0,26.0,26.0,26.0,26.0,26.0,28.0,34.0,34.0,6.0,,,34.0,60.0,58.0,58.0,60.0,58.0,56.0,,
155,"Springfield, IL",304.0,272.0,300.0,292.0,300.0,298.0,310.0,304.0,292.0,302.0,282.0,300.0,258.0,252.0,302.0,284.0,298.0,300.0,308.0,306.0,290.0,300.0,280.0,295.0,285.0,274.0,302.0,290.0,300.0,300.0,308.0,310.0,290.0,300.0,271.0,247.0
156,"Las Vegas, NV",22102.0,20190.0,23922.0,23356.0,24214.0,23598.0,24127.0,23713.0,22456.0,23561.0,21382.0,21492.0,23218.0,21136.0,24792.0,24214.0,25488.0,24716.0,25379.0,25399.0,24057.0,25390.0,23809.0,24171.0,24491.0,22844.0,25465.0,25045.0,25883.0,25586.0,26112.0,26075.0,25156.0,26312.0,24236.0,24171.0
157,"Richmond, VA",2513.0,2236.0,2851.0,3194.0,3265.0,3277.0,3282.0,3193.0,2663.0,2731.0,2730.0,2838.0,2546.0,2349.0,2672.0,2618.0,2598.0,2903.0,3166.0,3234.0,3111.0,3294.0,2811.0,2698.0,2311.0,2341.0,2654.0,2565.0,2652.0,2738.0,2815.0,2938.0,2807.0,2925.0,2590.0,2519.0
158,"St. Cloud, MN",,,,,103.0,120.0,124.0,124.0,116.0,116.0,110.0,122.0,116.0,49.0,,,,,,,,,,,,,,,,,,,,,,
159,"San Angelo, TX",302.0,272.0,300.0,292.0,306.0,294.0,296.0,296.0,292.0,302.0,288.0,304.0,302.0,272.0,310.0,300.0,310.0,292.0,302.0,300.0,282.0,297.0,283.0,303.0,,,165.0,171.0,183.0,180.0,226.0,244.0,244.0,216.0,170.0,222.0
160,"Binghamton, NY",,,,,,,,,,,,,,76.0,,,,87.0,121.0,58.0,,123.0,58.0,125.0,152.0,162.0,178.0,170.0,170.0,172.0,198.0,108.0,112.0,112.0,108.0,112.0
161,"Christiansted, VI",179.0,152.0,171.0,160.0,161.0,154.0,158.0,145.0,120.0,124.0,151.0,178.0,182.0,162.0,185.0,177.0,176.0,192.0,202.0,169.0,120.0,137.0,139.0,173.0,196.0,188.0,212.0,208.0,202.0,196.0,206.0,183.0,120.0,132.0,172.0,209.0
162,"Baltimore, MD",14353.0,13140.0,15621.0,15603.0,16168.0,15990.0,16348.0,15737.0,14567.0,15208.0,14197.0,14764.0,13834.0,12473.0,15525.0,15772.0,16354.0,16841.0,17490.0,16678.0,15436.0,16042.0,15774.0,15987.0,14355.0,13370.0,15677.0,15740.0,16696.0,17166.0,17703.0,16690.0,15668.0,16452.0,16260.0,16652.0
163,"Pasco/Kennewick/Richland, WA",399.0,334.0,513.0,549.0,579.0,603.0,598.0,615.0,464.0,520.0,297.0,391.0,360.0,319.0,418.0,406.0,371.0,401.0,533.0,479.0,404.0,420.0,581.0,596.0,596.0,536.0,675.0,653.0,664.0,652.0,674.0,674.0,638.0,658.0,574.0,622.0
164,"Harlingen/San Benito, TX",735.0,671.0,778.0,732.0,688.0,575.0,586.0,571.0,546.0,578.0,553.0,569.0,575.0,520.0,582.0,570.0,576.0,558.0,578.0,566.0,534.0,573.0,555.0,549.0,489.0,472.0,538.0,492.0,520.0,528.0,548.0,536.0,492.0,435.0,456.0,444.0
165,"Vernal, UT",,,101.0,104.0,106.0,102.0,108.0,104.0,100.0,104.0,100.0,108.0,106.0,96.0,106.0,103.0,,,,,,,,,,,,,,,,,,,,
166,"North Bend/Coos Bay, OR",62.0,56.0,62.0,32.0,36.0,64.0,120.0,122.0,66.0,64.0,36.0,32.0,34.0,32.0,36.0,34.0,36.0,64.0,80.0,80.0,80.0,72.0,36.0,38.0,34.0,34.0,34.0,34.0,36.0,64.0,78.0,80.0,74.0,66.0,32.0,34.0
167,"Brownsville, TX",412.0,376.0,434.0,392.0,460.0,404.0,416.0,406.0,386.0,410.0,382.0,412.0,407.0,403.0,486.0,428.0,447.0,471.0,472.0,464.0,376.0,407.0,375.0,397.0,376.0,374.0,408.0,348.0,400.0,516.0,413.0,387.0,303.0,279.0,124.0,160.0
168,"Spokane, WA",1419.0,1254.0,1414.0,1368.0,1442.0,1614.0,1744.0,1862.0,1512.0,1429.0,1685.0,1696.0,1664.0,1532.0,1819.0,1690.0,1697.0,1805.0,1858.0,1882.0,1656.0,1657.0,1658.0,1748.0,1716.0,1580.0,1764.0,1569.0,1574.0,1805.0,1794.0,1808.0,1683.0,1616.0,1542.0,1634.0
169,"Devils Lake, ND",,,,,,81.0,98.0,96.0,94.0,102.0,104.0,100.0,97.0,88.0,97.0,96.0,94.0,94.0,100.0,96.0,94.0,97.0,95.0,100.0,96.0,92.0,98.0,93.0,97.0,96.0,106.0,106.0,104.0,106.0,101.0,105.0
170,"Houston, TX",39285.0,35911.0,40981.0,37442.0,40955.0,40567.0,41888.0,39365.0,36480.0,39272.0,37337.0,37971.0,36055.0,32823.0,37684.0,36378.0,38362.0,38224.0,38238.0,36637.0,33501.0,35873.0,34828.0,34658.0,32388.0,30628.0,32852.0,31066.0,32560.0,32826.0,32880.0,32597.0,30279.0,32070.0,30718.0,31731.0
171,"Juneau, AK",607.0,552.0,610.0,599.0,720.0,970.0,1042.0,1023.0,678.0,612.0,572.0,591.0,605.0,552.0,614.0,601.0,749.0,967.0,1046.0,1025.0,746.0,672.0,632.0,653.0,691.0,672.0,725.0,702.0,782.0,967.0,1024.0,1014.0,678.0,652.0,618.0,635.0
172,"Santa Fe, NM",290.0,256.0,305.0,300.0,309.0,339.0,426.0,404.0,360.0,372.0,344.0,287.0,236.0,241.0,305.0,358.0,365.0,368.0,311.0,278.0,193.0,186.0,172.0,179.0,117.0,148.0,183.0,178.0,178.0,232.0,242.0,232.0,214.0,220.0,212.0,270.0
173,"St. George, UT",300.0,272.0,300.0,292.0,290.0,292.0,292.0,406.0,290.0,302.0,282.0,279.0,293.0,272.0,355.0,352.0,362.0,300.0,306.0,310.0,342.0,406.0,342.0,321.0,306.0,321.0,364.0,350.0,360.0,324.0,318.0,326.0,346.0,362.0,397.0,384.0
174,"Barrow, AK",156.0,142.0,160.0,154.0,160.0,154.0,158.0,160.0,156.0,158.0,150.0,156.0,160.0,144.0,160.0,152.0,160.0,156.0,158.0,160.0,154.0,162.0,152.0,154.0,160.0,150.0,158.0,156.0,160.0,152.0,160.0,160.0,154.0,160.0,152.0,158.0
175,"Dillingham, AK",,,,,,46.0,62.0,46.0,,,,,,,,,,48.0,62.0,44.0,,,,,,,,,,52.0,62.0,54.0,,,,
176,"Rochester, NY",1351.0,1346.0,1664.0,1474.0,1583.0,1356.0,1409.0,1391.0,1350.0,1266.0,1229.0,1315.0,1218.0,1120.0,1430.0,1363.0,1559.0,1286.0,1375.0,1343.0,1324.0,1475.0,1500.0,1376.0,1170.0,1187.0,1223.0,1017.0,1211.0,1270.0,1339.0,1322.0,1310.0,1323.0,1247.0,1146.0
177,"Iron Mountain/Kingsfd, MI",118.0,104.0,114.0,112.0,115.0,111.0,116.0,114.0,112.0,116.0,110.0,116.0,115.0,104.0,115.0,112.0,114.0,112.0,116.0,114.0,112.0,115.0,109.0,118.0,114.0,107.0,116.0,111.0,115.0,112.0,114.0,116.0,112.0,114.0,110.0,113.0
178,"Martha's Vineyard, MA",,,,,20.0,60.0,88.0,90.0,42.0,22.0,,,,,,,32.0,76.0,124.0,124.0,54.0,22.0,,,,,,,62.0,96.0,124.0,114.0,72.0,28.0,,
179,"Brunswick, GA",172.0,150.0,176.0,170.0,168.0,180.0,172.0,176.0,171.0,170.0,160.0,166.0,170.0,156.0,160.0,152.0,156.0,154.0,156.0,161.0,160.0,170.0,164.0,168.0,172.0,162.0,178.0,170.0,172.0,172.0,182.0,184.0,166.0,176.0,162.0,168.0
180,"Pensacola, FL",1355.0,1200.0,1405.0,1322.0,1392.0,1418.0,1476.0,1419.0,1281.0,1406.0,1324.0,1373.0,1270.0,1143.0,1252.0,1249.0,1027.0,1390.0,1498.0,1374.0,975.0,956.0,912.0,978.0,884.0,833.0,990.0,964.0,999.0,1145.0,1186.0,1130.0,958.0,976.0,888.0,994.0
181,"Orlando, FL",18395.0,17285.0,20928.0,19113.0,19189.0,18982.0,19564.0,17942.0,15344.0,16796.0,17792.0,19496.0,20158.0,18463.0,22587.0,20959.0,20780.0,20526.0,21028.0,19333.0,16759.0,18095.0,19781.0,21588.0,21469.0,20298.0,23500.0,21818.0,21096.0,21232.0,22295.0,20317.0,17643.0,19279.0,20318.0,22179.0
182,"Providence, RI",1803.0,1759.0,2228.0,1953.0,1894.0,2018.0,2273.0,2251.0,2072.0,2018.0,1990.0,2045.0,2048.0,1636.0,2116.0,2002.0,1963.0,1972.0,1983.0,1991.0,2095.0,2196.0,2140.0,2171.0,1992.0,1738.0,2115.0,2139.0,2195.0,2139.0,2173.0,2114.0,1981.0,2163.0,2256.0,2370.0
183,"Birmingham, AL",2193.0,1988.0,2403.0,2407.0,2536.0,2517.0,2474.0,2393.0,2255.0,2420.0,2232.0,2242.0,2295.0,2105.0,2412.0,2172.0,2305.0,2435.0,2404.0,2348.0,2216.0,2292.0,2219.0,2117.0,1783.0,1821.0,2162.0,2085.0,2172.0,2082.0,2101.0,2114.0,2052.0,2138.0,2035.0,2057.0
184,"Albuquerque, NM",3819.0,3421.0,4236.0,4188.0,4378.0,4601.0,4917.0,4511.0,4042.0,4144.0,3483.0,3526.0,3144.0,2820.0,3374.0,3509.0,3722.0,3808.0,4090.0,3875.0,3514.0,3631.0,3273.0,3251.0,2888.0,2680.0,2976.0,3096.0,3382.0,3297.0,3316.0,3249.0,3226.0,3406.0,3209.0,3210.0
185,"Aspen, CO",1439.0,1441.0,1702.0,464.0,358.0,607.0,756.0,641.0,380.0,290.0,185.0,874.0,1253.0,1261.0,1492.0,392.0,70.0,471.0,523.0,452.0,228.0,118.0,68.0,913.0,1214.0,1324.0,1440.0,428.0,238.0,586.0,871.0,802.0,539.0,399.0,248.0,1128.0
186,"Pellston, MI",,,,,,153.0,234.0,161.0,2.0,101.0,101.0,108.0,106.0,98.0,106.0,104.0,124.0,174.0,240.0,186.0,120.0,124.0,123.0,124.0,108.0,141.0,162.0,171.0,175.0,216.0,338.0,250.0,172.0,156.0,154.0,159.0
187,"Midland/Odessa, TX",1649.0,1514.0,1666.0,1604.0,1640.0,1704.0,1768.0,1711.0,1669.0,1742.0,1596.0,1633.0,1637.0,1506.0,1773.0,1490.0,1403.0,1287.0,1314.0,1293.0,1230.0,1201.0,1027.0,1089.0,943.0,921.0,1034.0,1031.0,1005.0,938.0,912.0,1004.0,918.0,1039.0,1000.0,969.0
188,"Fort Myers, FL",5599.0,5688.0,7550.0,5649.0,4018.0,3265.0,3204.0,2997.0,2646.0,3418.0,4271.0,4977.0,6210.0,6218.0,8160.0,6088.0,4324.0,3442.0,3418.0,3125.0,2755.0,3544.0,4928.0,6031.0,6582.0,6601.0,8350.0,6054.0,4070.0,3249.0,3274.0,3029.0,2691.0,3619.0,4979.0,6001.0
189,"Champaign/Urbana, IL",364.0,328.0,414.0,412.0,422.0,412.0,422.0,416.0,404.0,418.0,404.0,416.0,416.0,376.0,371.0,352.0,358.0,352.0,358.0,390.0,400.0,412.0,440.0,418.0,,,,,,,,,,,,
190,"Honolulu, HI",7543.0,6765.0,7755.0,7401.0,7812.0,8011.0,8424.0,8353.0,7461.0,7701.0,7411.0,7986.0,7795.0,6948.0,7900.0,7626.0,8015.0,8280.0,8615.0,8399.0,7313.0,7560.0,7463.0,7975.0,7748.0,7193.0,7926.0,7655.0,7996.0,8316.0,8677.0,8590.0,7450.0,7614.0,7394.0,8029.0
191,"West Palm Beach/Palm Beach, FL",4524.0,4312.0,5321.0,4371.0,3426.0,2939.0,2980.0,2947.0,2540.0,3120.0,3916.0,4648.0,4847.0,4519.0,5322.0,4653.0,3886.0,3251.0,3363.0,3300.0,3103.0,3488.0,4046.0,4857.0,4866.0,4749.0,5337.0,4585.0,3800.0,3311.0,3306.0,3322.0,3056.0,3342.0,4063.0,4828.0
192,"Marquette, MI",54.0,48.0,52.0,52.0,52.0,52.0,54.0,52.0,52.0,54.0,52.0,54.0,52.0,48.0,54.0,52.0,52.0,52.0,54.0,52.0,52.0,52.0,50.0,91.0,109.0,104.0,115.0,110.0,114.0,119.0,153.0,124.0,110.0,114.0,110.0,112.0
193,"Allentown/Bethlehem/Easton, PA",272.0,248.0,379.0,366.0,338.0,106.0,160.0,184.0,346.0,343.0,297.0,240.0,327.0,327.0,431.0,448.0,461.0,409.0,464.0,466.0,442.0,477.0,468.0,307.0,361.0,325.0,333.0,334.0,454.0,488.0,477.0,470.0,337.0,404.0,392.0,363.0
194,"Alpena, MI",112.0,96.0,104.0,104.0,106.0,102.0,108.0,104.0,104.0,108.0,96.0,108.0,106.0,96.0,106.0,104.0,104.0,104.0,108.0,104.0,104.0,106.0,102.0,108.0,104.0,100.0,109.0,101.0,107.0,104.0,124.0,116.0,104.0,104.0,106.0,105.0
195,"King Salmon, AK",,,,,,46.0,62.0,18.0,,,,,,,,,,48.0,62.0,16.0,,,,,,,,,,52.0,62.0,12.0,,,,
196,"Mammoth Lakes, CA",134.0,120.0,134.0,52.0,,,,,,,,43.0,72.0,82.0,106.0,18.0,,,,,,,,34.0,64.0,64.0,68.0,6.0,,,,,,,,32.0
197,"Bismarck/Mandan, ND",360.0,275.0,270.0,238.0,280.0,430.0,486.0,463.0,310.0,486.0,488.0,528.0,617.0,560.0,596.0,596.0,638.0,655.0,717.0,708.0,601.0,679.0,603.0,617.0,416.0,342.0,456.0,510.0,394.0,467.0,424.0,393.0,407.0,334.0,297.0,317.0
198,"Lake Charles, LA",349.0,320.0,362.0,324.0,358.0,348.0,358.0,344.0,326.0,354.0,338.0,303.0,295.0,338.0,364.0,330.0,338.0,352.0,312.0,350.0,328.0,396.0,362.0,350.0,151.0,152.0,167.0,143.0,209.0,145.0,181.0,251.0,288.0,296.0,278.0,267.0
199,"St. Louis, MO",8283.0,7412.0,8584.0,8400.0,8837.0,9342.0,10057.0,9425.0,8643.0,9146.0,8274.0,8434.0,8157.0,7276.0,8865.0,8660.0,8699.0,8883.0,9225.0,8911.0,8303.0,8624.0,8356.0,8590.0,8641.0,8140.0,9290.0,9066.0,9289.0,9442.0,9870.0,9746.0,9138.0,9534.0,9317.0,9656.0
200,"Aguadilla, PR",224.0,210.0,246.0,240.0,282.0,300.0,310.0,257.0,140.0,151.0,192.0,263.0,231.0,169.0,197.0,201.0,239.0,301.0,345.0,305.0,188.0,194.0,230.0,280.0,344.0,235.0,230.0,222.0,340.0,372.0,417.0,400.0,279.0,293.0,287.0,325.0
201,"Valparaiso, FL",803.0,694.0,874.0,764.0,938.0,992.0,1006.0,932.0,774.0,784.0,738.0,825.0,769.0,692.0,880.0,882.0,930.0,1063.0,1080.0,987.0,814.0,831.0,800.0,839.0,719.0,662.0,794.0,776.0,729.0,770.0,834.0,766.0,610.0,572.0,570.0,616.0
202,"Elko, NV",174.0,148.0,166.0,164.0,164.0,162.0,164.0,162.0,160.0,170.0,144.0,160.0,122.0,104.0,116.0,110.0,114.0,112.0,116.0,59.0,9.0,106.0,98.0,102.0,106.0,100.0,106.0,102.0,106.0,112.0,112.0,116.0,110.0,104.0,99.0,106.0
203,"Cordova, AK",120.0,112.0,124.0,120.0,124.0,120.0,124.0,124.0,120.0,124.0,116.0,120.0,120.0,112.0,124.0,120.0,124.0,120.0,124.0,124.0,120.0,124.0,116.0,120.0,120.0,116.0,124.0,120.0,122.0,120.0,123.0,124.0,120.0,124.0,116.0,120.0
204,"Sun Valley/Hailey/Ketchum, ID",224.0,186.0,228.0,109.0,39.0,164.0,294.0,290.0,238.0,124.0,118.0,189.0,197.0,176.0,240.0,109.0,41.0,154.0,262.0,256.0,162.0,124.0,114.0,204.0,233.0,226.0,278.0,129.0,115.0,202.0,326.0,321.0,216.0,114.0,116.0,252.0
205,"Jacksonville, FL",3664.0,3425.0,3923.0,3913.0,4070.0,3651.0,3754.0,3660.0,3474.0,3480.0,3391.0,3582.0,2995.0,2662.0,3423.0,3441.0,3465.0,3384.0,3493.0,3340.0,3096.0,3422.0,3313.0,3466.0,2999.0,2850.0,3111.0,3117.0,3198.0,3246.0,3153.0,3177.0,3106.0,3203.0,2967.0,3179.0
206,"Austin, TX",6674.0,6054.0,7324.0,7095.0,7460.0,7558.0,7847.0,7475.0,7215.0,7557.0,6850.0,7084.0,6748.0,6124.0,7496.0,7489.0,7916.0,8118.0,8603.0,8331.0,7613.0,8035.0,7919.0,7788.0,7162.0,6657.0,7908.0,7706.0,7765.0,7818.0,8265.0,8146.0,7686.0,8078.0,7680.0,7660.0
207,"Eagle, CO",604.0,536.0,612.0,2.0,,51.0,95.0,85.0,60.0,,22.0,331.0,598.0,524.0,580.0,99.0,,59.0,88.0,78.0,60.0,7.0,22.0,376.0,617.0,608.0,644.0,142.0,62.0,132.0,214.0,166.0,157.0,79.0,88.0,536.0
208,"Sioux City, IA",116.0,104.0,114.0,112.0,114.0,128.0,143.0,140.0,138.0,137.0,108.0,120.0,116.0,104.0,116.0,112.0,112.0,112.0,116.0,114.0,112.0,114.0,110.0,116.0,,,,,,,,,,,,
209,"Evansville, IN",475.0,442.0,440.0,485.0,590.0,542.0,586.0,611.0,574.0,586.0,548.0,585.0,617.0,582.0,666.0,600.0,612.0,790.0,795.0,789.0,757.0,798.0,760.0,699.0,441.0,411.0,483.0,502.0,517.0,415.0,495.0,499.0,372.0,487.0,450.0,409.0
210,"Plattsburgh, NY",,,,,,,,,,,,,62.0,56.0,61.0,53.0,44.0,42.0,51.0,52.0,33.0,26.0,47.0,62.0,62.0,58.0,62.0,55.0,54.0,52.0,52.0,53.0,46.0,44.0,80.0,124.0
211,"Sacramento, CA",6762.0,6064.0,6945.0,7012.0,7272.0,7313.0,7651.0,7376.0,6908.0,7221.0,6868.0,6819.0,6436.0,5880.0,6446.0,6733.0,7281.0,7101.0,7286.0,7277.0,7047.0,7236.0,6488.0,6449.0,6306.0,5976.0,6680.0,6565.0,7063.0,7217.0,7343.0,7422.0,6775.0,7175.0,6995.0,7007.0
212,"Hyannis, MA",,,,,,10.0,62.0,62.0,18.0,,,,,,,,,26.0,62.0,62.0,16.0,,,,,,,,30.0,50.0,62.0,62.0,28.0,10.0,,
213,"Worcester, MA",124.0,112.0,124.0,120.0,124.0,120.0,124.0,124.0,120.0,125.0,120.0,124.0,124.0,110.0,123.0,120.0,124.0,120.0,124.0,124.0,120.0,124.0,120.0,122.0,122.0,116.0,124.0,120.0,124.0,120.0,123.0,124.0,118.0,121.0,117.0,123.0
214,"Cleveland, OH",6684.0,6158.0,6882.0,6766.0,6567.0,5896.0,5993.0,5768.0,5709.0,6468.0,5973.0,6079.0,5992.0,5697.0,6312.0,6279.0,6809.0,6618.0,6731.0,6647.0,6248.0,6445.0,6135.0,5701.0,5368.0,5200.0,5623.0,5575.0,5797.0,6139.0,6200.0,6196.0,5806.0,5875.0,5247.0,5194.0
215,"Shreveport, LA",1191.0,1023.0,1132.0,1153.0,1164.0,1179.0,1177.0,1181.0,1138.0,1166.0,1104.0,1136.0,1100.0,973.0,1097.0,1089.0,1140.0,1162.0,1188.0,1156.0,1066.0,1111.0,1119.0,1109.0,962.0,880.0,1004.0,875.0,1004.0,1063.0,1090.0,1050.0,988.0,1040.0,986.0,948.0
216,"Green Bay, WI",700.0,662.0,857.0,789.0,960.0,906.0,967.0,920.0,703.0,887.0,778.0,798.0,732.0,744.0,1070.0,871.0,670.0,1004.0,1090.0,1040.0,929.0,977.0,887.0,727.0,484.0,485.0,732.0,639.0,657.0,710.0,752.0,722.0,472.0,600.0,644.0,569.0
217,"Alexandria, LA",607.0,538.0,610.0,553.0,532.0,581.0,604.0,590.0,560.0,588.0,540.0,547.0,564.0,525.0,602.0,578.0,588.0,592.0,598.0,590.0,534.0,564.0,548.0,573.0,417.0,414.0,437.0,432.0,471.0,525.0,471.0,525.0,485.0,500.0,524.0,520.0
218,"Durango, CO",445.0,340.0,303.0,343.0,344.0,254.0,453.0,436.0,313.0,339.0,242.0,304.0,377.0,319.0,369.0,395.0,406.0,415.0,416.0,396.0,358.0,356.0,297.0,388.0,210.0,196.0,351.0,353.0,481.0,363.0,436.0,420.0,328.0,284.0,274.0,228.0
219,"Daytona Beach, FL",238.0,249.0,308.0,300.0,304.0,298.0,304.0,279.0,232.0,236.0,232.0,247.0,239.0,255.0,310.0,300.0,304.0,300.0,298.0,271.0,222.0,238.0,230.0,259.0,293.0,319.0,364.0,360.0,358.0,358.0,368.0,337.0,290.0,300.0,290.0,321.0
220,"Lawton/Fort Sill, OK",250.0,224.0,248.0,240.0,246.0,240.0,240.0,246.0,240.0,299.0,283.0,276.0,258.0,224.0,248.0,240.0,246.0,240.0,246.0,244.0,240.0,248.0,230.0,245.0,175.0,172.0,186.0,172.0,130.0,166.0,124.0,202.0,236.0,246.0,228.0,244.0
221,"Escanaba, MI",,,,,,,,,,,,103.0,106.0,96.0,106.0,104.0,104.0,104.0,108.0,104.0,104.0,106.0,102.0,108.0,104.0,100.0,110.0,102.0,106.0,105.0,104.0,108.0,104.0,104.0,100.0,106.0
222,"Pocatello, ID",167.0,150.0,166.0,164.0,164.0,222.0,232.0,228.0,220.0,178.0,158.0,168.0,122.0,104.0,116.0,112.0,114.0,112.0,116.0,140.0,152.0,114.0,108.0,112.0,112.0,104.0,168.0,162.0,162.0,164.0,162.0,170.0,160.0,166.0,156.0,165.0
223,"Nashville, TN",9325.0,8412.0,9723.0,9451.0,9632.0,9528.0,9724.0,9473.0,9222.0,9371.0,8609.0,8858.0,8193.0,7342.0,8921.0,8539.0,8769.0,9169.0,9504.0,9149.0,8556.0,8956.0,8536.0,8470.0,7801.0,7316.0,8413.0,8106.0,8548.0,9264.0,9244.0,9185.0,8844.0,9199.0,8703.0,8720.0
224,"Jackson, WY",674.0,640.0,725.0,264.0,386.0,667.0,953.0,970.0,635.0,308.0,273.0,635.0,707.0,648.0,742.0,315.0,354.0,679.0,955.0,972.0,669.0,315.0,254.0,726.0,806.0,794.0,814.0,315.0,370.0,716.0,1145.0,1059.0,706.0,355.0,161.0,619.0
225,"Chicago, IL",56187.0,51743.0,60671.0,61354.0,64557.0,66408.0,68130.0,67041.0,64601.0,68268.0,61111.0,61341.0,60494.0,55713.0,67134.0,66538.0,68962.0,71156.0,73124.0,72133.0,66979.0,70490.0,65972.0,65355.0,50570.0,47917.0,54474.0,54203.0,58273.0,59186.0,60700.0,60136.0,55360.0,58105.0,52730.0,51928.0
226,"Traverse City, MI",260.0,250.0,185.0,220.0,431.0,419.0,736.0,773.0,477.0,393.0,507.0,429.0,395.0,389.0,492.0,475.0,391.0,609.0,762.0,759.0,459.0,416.0,394.0,389.0,189.0,291.0,268.0,258.0,278.0,487.0,851.0,704.0,363.0,290.0,212.0,257.0
227,"Tulsa, OK",3221.0,2900.0,3243.0,3146.0,3199.0,2914.0,3342.0,3170.0,2899.0,2990.0,2807.0,2669.0,2574.0,2386.0,2912.0,2464.0,2477.0,2608.0,2571.0,2584.0,2626.0,2637.0,2403.0,2335.0,2399.0,2294.0,2439.0,2368.0,2290.0,2170.0,2318.0,2394.0,2327.0,2298.0,2302.0,2381.0
228,"Charlottesville, VA",205.0,160.0,243.0,411.0,408.0,357.0,354.0,360.0,404.0,418.0,396.0,371.0,403.0,372.0,418.0,355.0,404.0,358.0,410.0,424.0,452.0,474.0,435.0,377.0,341.0,312.0,414.0,409.0,411.0,404.0,408.0,418.0,400.0,448.0,444.0,399.0
229,"San Luis Obispo, CA",736.0,696.0,812.0,728.0,750.0,780.0,820.0,885.0,834.0,868.0,818.0,824.0,838.0,762.0,863.0,550.0,496.0,480.0,436.0,456.0,520.0,499.0,428.0,436.0,442.0,489.0,574.0,561.0,614.0,556.0,510.0,504.0,515.0,550.0,530.0,542.0
230,"Mission/McAllen/Edinburg, TX",696.0,630.0,775.0,716.0,828.0,770.0,782.0,760.0,722.0,756.0,722.0,740.0,746.0,686.0,752.0,824.0,818.0,679.0,520.0,516.0,484.0,477.0,400.0,393.0,388.0,382.0,330.0,372.0,395.0,320.0,407.0,359.0,366.0,372.0,378.0,373.0
231,"Dothan, AL",232.0,208.0,238.0,230.0,230.0,228.0,232.0,232.0,232.0,240.0,222.0,232.0,232.0,212.0,240.0,230.0,232.0,232.0,236.0,234.0,218.0,236.0,224.0,230.0,232.0,206.0,238.0,230.0,236.0,232.0,230.0,240.0,224.0,238.0,218.0,230.0
232,"Duluth, MN",248.0,250.0,188.0,285.0,292.0,542.0,330.0,386.0,295.0,298.0,338.0,289.0,302.0,273.0,210.0,218.0,256.0,362.0,306.0,327.0,434.0,446.0,384.0,368.0,346.0,385.0,468.0,404.0,464.0,347.0,470.0,460.0,347.0,523.0,359.0,384.0
233,"Eugene, OR",879.0,755.0,908.0,884.0,927.0,965.0,998.0,986.0,781.0,816.0,769.0,786.0,660.0,575.0,655.0,672.0,703.0,696.0,728.0,732.0,654.0,656.0,578.0,610.0,581.0,553.0,612.0,582.0,632.0,626.0,616.0,611.0,561.0,558.0,588.0,554.0
234,"Roanoke, VA",317.0,287.0,336.0,468.0,596.0,517.0,555.0,504.0,373.0,424.0,321.0,282.0,281.0,285.0,450.0,442.0,460.0,456.0,463.0,472.0,438.0,446.0,412.0,406.0,366.0,354.0,327.0,390.0,398.0,395.0,328.0,358.0,386.0,402.0,376.0,350.0
235,"Brainerd, MN",158.0,136.0,146.0,148.0,150.0,148.0,170.0,158.0,148.0,154.0,140.0,154.0,109.0,96.0,106.0,104.0,104.0,104.0,124.0,120.0,104.0,106.0,100.0,108.0,104.0,100.0,108.0,102.0,106.0,104.0,124.0,116.0,104.0,104.0,102.0,106.0
236,"Fargo, ND",863.0,775.0,801.0,985.0,912.0,960.0,851.0,834.0,847.0,899.0,784.0,901.0,961.0,834.0,1022.0,983.0,1033.0,1119.0,1253.0,1225.0,882.0,1053.0,999.0,1075.0,752.0,647.0,643.0,562.0,745.0,823.0,700.0,722.0,650.0,626.0,521.0,565.0
237,"Peoria, IL",584.0,466.0,685.0,735.0,664.0,587.0,689.0,680.0,755.0,768.0,698.0,754.0,726.0,651.0,893.0,819.0,908.0,764.0,881.0,917.0,954.0,951.0,892.0,926.0,499.0,541.0,551.0,450.0,542.0,574.0,525.0,494.0,420.0,476.0,413.0,417.0
238,"Garden City, KS",124.0,112.0,124.0,120.0,124.0,120.0,124.0,122.0,120.0,124.0,120.0,124.0,124.0,112.0,124.0,120.0,122.0,120.0,124.0,124.0,118.0,124.0,116.0,121.0,,,,,,118.0,124.0,124.0,120.0,124.0,120.0,124.0
239,"Raleigh/Durham, NC",6502.0,5736.0,6778.0,6685.0,6853.0,6659.0,7068.0,6758.0,6088.0,6472.0,6042.0,5990.0,5471.0,4854.0,5751.0,5716.0,6060.0,6389.0,6491.0,6066.0,5498.0,6001.0,5716.0,5781.0,5140.0,4877.0,5623.0,5675.0,6408.0,6289.0,6432.0,6324.0,5733.0,5900.0,5855.0,5674.0
240,"Beaumont/Port Arthur, TX",178.0,160.0,176.0,172.0,177.0,177.0,186.0,182.0,180.0,186.0,176.0,184.0,186.0,162.0,186.0,180.0,178.0,180.0,182.0,182.0,168.0,174.0,164.0,178.0,170.0,129.0,126.0,119.0,124.0,120.0,124.0,89.0,,,3.0,89.0
241,"New Orleans, LA",6796.0,6322.0,7442.0,7081.0,7327.0,6758.0,6835.0,6433.0,5937.0,6684.0,6751.0,6614.0,6681.0,6500.0,7830.0,7504.0,7453.0,7003.0,7151.0,6835.0,6581.0,7333.0,7085.0,6983.0,7008.0,6932.0,7547.0,7364.0,7881.0,7199.0,7175.0,7085.0,6715.0,7502.0,7428.0,7177.0
242,"Newport News/Williamsburg, VA",359.0,312.0,347.0,348.0,370.0,332.0,368.0,354.0,334.0,350.0,334.0,320.0,281.0,206.0,298.0,208.0,186.0,218.0,236.0,238.0,218.0,228.0,226.0,212.0,176.0,162.0,186.0,180.0,186.0,218.0,230.0,214.0,166.0,186.0,174.0,176.0
243,"Valdosta, GA",174.0,156.0,176.0,170.0,173.0,170.0,170.0,174.0,172.0,178.0,160.0,174.0,174.0,156.0,178.0,168.0,172.0,172.0,174.0,174.0,164.0,176.0,168.0,170.0,168.0,162.0,178.0,170.0,172.0,172.0,173.0,178.0,170.0,176.0,166.0,172.0
244,"Augusta, GA",495.0,452.0,502.0,471.0,465.0,439.0,455.0,434.0,391.0,410.0,380.0,417.0,400.0,354.0,458.0,454.0,450.0,437.0,443.0,431.0,431.0,445.0,427.0,439.0,392.0,346.0,471.0,478.0,466.0,454.0,454.0,460.0,480.0,456.0,415.0,410.0
245,"Mosinee, WI",237.0,216.0,238.0,232.0,237.0,233.0,240.0,236.0,232.0,238.0,228.0,234.0,240.0,244.0,288.0,240.0,238.0,233.0,236.0,262.0,280.0,289.0,323.0,256.0,115.0,114.0,67.0,113.0,116.0,194.0,166.0,169.0,116.0,175.0,152.0,114.0
246,"Lubbock, TX",1041.0,941.0,1082.0,1048.0,1074.0,1108.0,1135.0,1123.0,1095.0,1196.0,1134.0,1014.0,944.0,856.0,825.0,870.0,828.0,792.0,845.0,826.0,778.0,871.0,848.0,861.0,799.0,770.0,825.0,771.0,758.0,726.0,700.0,764.0,780.0,685.0,734.0,840.0
247,"Hayden, CO",346.0,332.0,366.0,,,5.0,42.0,38.0,5.0,,,156.0,301.0,306.0,348.0,42.0,,11.0,62.0,62.0,17.0,40.0,,257.0,369.0,349.0,378.0,78.0,62.0,60.0,64.0,94.0,120.0,106.0,59.0,312.0
248,"Roswell, NM",178.0,160.0,176.0,172.0,184.0,174.0,176.0,174.0,172.0,178.0,166.0,180.0,178.0,160.0,186.0,180.0,178.0,180.0,182.0,186.0,178.0,184.0,166.0,173.0,8.0,8.0,66.0,70.0,70.0,68.0,72.0,82.0,112.0,114.0,104.0,106.0
249,"Casper, WY",357.0,343.0,364.0,382.0,414.0,412.0,407.0,400.0,385.0,454.0,412.0,403.0,333.0,295.0,398.0,390.0,243.0,337.0,425.0,377.0,284.0,277.0,269.0,195.0,278.0,167.0,202.0,234.0,325.0,305.0,270.0,266.0,222.0,311.0,184.0,185.0
250,"Indianapolis, IN",4504.0,4157.0,5193.0,4978.0,5228.0,4949.0,5257.0,4768.0,4364.0,4519.0,4528.0,4614.0,4208.0,3749.0,4805.0,4716.0,4709.0,4839.0,5104.0,4738.0,4334.0,4751.0,4917.0,4996.0,4416.0,4219.0,4921.0,4637.0,4902.0,4925.0,4839.0,4448.0,4013.0,4238.0,4065.0,4055.0
251,"College Station/Bryan, TX",451.0,422.0,474.0,444.0,476.0,464.0,474.0,462.0,438.0,462.0,432.0,410.0,405.0,372.0,426.0,411.0,456.0,463.0,431.0,438.0,409.0,445.0,427.0,382.0,109.0,99.0,100.0,94.0,243.0,245.0,178.0,213.0,260.0,271.0,210.0,246.0
252,"Paducah, KY",124.0,112.0,124.0,124.0,124.0,120.0,124.0,124.0,120.0,124.0,118.0,122.0,122.0,112.0,124.0,120.0,124.0,120.0,124.0,124.0,120.0,124.0,120.0,122.0,124.0,110.0,116.0,112.0,116.0,112.0,114.0,116.0,112.0,114.0,110.0,112.0
253,"Tampa, FL",10874.0,10283.0,13002.0,11768.0,11208.0,10471.0,10760.0,9965.0,9142.0,10000.0,10733.0,11546.0,11936.0,10912.0,13709.0,12329.0,11876.0,11469.0,11705.0,10863.0,9544.0,10291.0,11331.0,12146.0,12002.0,11424.0,13651.0,12133.0,11424.0,11084.0,11372.0,10487.0,9252.0,9942.0,11016.0,12128.0
254,"Greer, SC",1218.0,1115.0,1243.0,1311.0,1271.0,1137.0,1237.0,1209.0,1271.0,1305.0,1228.0,1182.0,1098.0,981.0,1245.0,1257.0,1326.0,1220.0,1182.0,1156.0,1132.0,1261.0,1236.0,1251.0,1074.0,1093.0,1363.0,1300.0,1380.0,1454.0,1102.0,1157.0,1168.0,1132.0,1082.0,1011.0
255,"Branson, MO",194.0,168.0,194.0,210.0,240.0,98.0,62.0,62.0,60.0,52.0,,,,,,,,,,,,,,,,,,,,,,,,,,
256,"Phoenix, AZ",26678.0,24147.0,29474.0,27123.0,27536.0,27610.0,28542.0,27134.0,24258.0,26693.0,25149.0,26597.0,26243.0,23823.0,29049.0,27489.0,27604.0,27740.0,28544.0,27407.0,24048.0,25853.0,25043.0,26637.0,26059.0,24583.0,28888.0,26806.0,27340.0,27381.0,28021.0,26622.0,23928.0,25917.0,25494.0,27251.0
257,"Ketchikan, AK",372.0,336.0,372.0,360.0,398.0,466.0,492.0,480.0,402.0,372.0,356.0,368.0,372.0,336.0,372.0,360.0,434.0,528.0,559.0,540.0,414.0,372.0,356.0,368.0,372.0,348.0,372.0,360.0,430.0,524.0,546.0,542.0,388.0,362.0,348.0,359.0
258,"Akron, OH",1067.0,998.0,1226.0,1104.0,1122.0,1192.0,1232.0,1106.0,1163.0,1087.0,1159.0,1192.0,1118.0,1028.0,1336.0,1155.0,1187.0,1118.0,1158.0,1077.0,928.0,981.0,1096.0,997.0,985.0,1013.0,1076.0,896.0,800.0,846.0,808.0,816.0,790.0,936.0,822.0,846.0
259,"Bellingham, WA",151.0,136.0,195.0,167.0,188.0,132.0,117.0,178.0,111.0,90.0,178.0,202.0,189.0,168.0,214.0,185.0,186.0,36.0,,62.0,,,178.0,204.0,189.0,173.0,208.0,175.0,176.0,22.0,,,,,120.0,148.0
260,"Washington, DC",20848.0,19154.0,22486.0,21863.0,22389.0,21563.0,22223.0,22528.0,21698.0,23163.0,21624.0,21598.0,20764.0,18460.0,20068.0,19598.0,20386.0,20161.0,20451.0,20440.0,19033.0,19633.0,18330.0,18489.0,17972.0,16868.0,18784.0,18731.0,19522.0,19698.0,19959.0,19887.0,18582.0,19309.0,17851.0,17306.0
261,"Bethel, AK",166.0,152.0,166.0,164.0,168.0,162.0,170.0,164.0,164.0,170.0,152.0,158.0,164.0,152.0,168.0,164.0,166.0,164.0,170.0,166.0,164.0,168.0,154.0,160.0,162.0,158.0,170.0,162.0,164.0,164.0,160.0,170.0,162.0,166.0,156.0,162.0
262,"Carlsbad, CA",414.0,376.0,414.0,404.0,410.0,404.0,466.0,460.0,438.0,418.0,386.0,406.0,408.0,376.0,418.0,79.0,,,,,,,,,,,,,,,,,,,,
263,"Gainesville, FL",529.0,484.0,543.0,409.0,416.0,416.0,418.0,416.0,392.0,416.0,429.0,442.0,449.0,424.0,539.0,514.0,510.0,488.0,486.0,506.0,498.0,468.0,449.0,502.0,389.0,352.0,404.0,394.0,400.0,391.0,358.0,356.0,380.0,396.0,378.0,377.0
264,"Hobbs, NM",100.0,94.0,112.0,92.0,112.0,108.0,114.0,104.0,94.0,108.0,100.0,105.0,98.0,94.0,106.0,104.0,112.0,112.0,116.0,102.0,92.0,106.0,102.0,104.0,98.0,98.0,98.0,94.0,113.0,112.0,112.0,111.0,94.0,104.0,104.0,106.0
265,"Waco, TX",302.0,272.0,300.0,292.0,298.0,292.0,292.0,294.0,292.0,302.0,282.0,306.0,294.0,268.0,310.0,300.0,298.0,292.0,298.0,296.0,280.0,296.0,284.0,303.0,291.0,278.0,298.0,290.0,242.0,142.0,224.0,238.0,212.0,220.0,204.0,200.0
266,"Scranton/Wilkes-Barre, PA",134.0,113.0,278.0,318.0,326.0,319.0,330.0,328.0,322.0,330.0,368.0,227.0,234.0,180.0,185.0,283.0,310.0,231.0,291.0,243.0,220.0,226.0,311.0,230.0,308.0,247.0,242.0,136.0,335.0,220.0,330.0,348.0,336.0,354.0,301.0,179.0
267,"Guam, TT",62.0,56.0,62.0,60.0,62.0,60.0,62.0,62.0,59.0,62.0,62.0,62.0,62.0,56.0,62.0,60.0,62.0,60.0,62.0,62.0,60.0,62.0,60.0,62.0,62.0,58.0,62.0,60.0,62.0,60.0,62.0,62.0,60.0,64.0,60.0,62.0
268,"Rhinelander, WI",180.0,160.0,176.0,172.0,177.0,171.0,178.0,176.0,172.0,178.0,170.0,178.0,177.0,160.0,177.0,172.0,176.0,172.0,178.0,176.0,172.0,177.0,167.0,180.0,176.0,166.0,178.0,171.0,177.0,172.0,176.0,178.0,172.0,176.0,168.0,175.0
269,"Fairbanks, AK",652.0,592.0,379.0,300.0,367.0,561.0,601.0,557.0,339.0,302.0,277.0,308.0,310.0,280.0,344.0,344.0,421.0,530.0,558.0,529.0,374.0,354.0,336.0,340.0,348.0,324.0,349.0,343.0,440.0,558.0,620.0,576.0,371.0,358.0,334.0,346.0
270,"Gustavus, AK",,,,,,46.0,62.0,46.0,,,,,,,,,,48.0,62.0,44.0,,,,,,,,,,52.0,62.0,54.0,,,,
271,"Longview, TX",124.0,112.0,124.0,120.0,124.0,120.0,122.0,118.0,112.0,116.0,108.0,118.0,108.0,106.0,124.0,120.0,124.0,120.0,122.0,120.0,110.0,119.0,112.0,120.0,,,58.0,60.0,106.0,112.0,66.0,60.0,52.0,50.0,111.0,89.0
272,"Wilmington, DE",111.0,100.0,117.0,114.0,153.0,151.0,160.0,160.0,143.0,132.0,34.0,42.0,52.0,41.0,55.0,50.0,,,,,,,,,,,,,,,,,,,,
273,"Knoxville, TN",1367.0,1247.0,1292.0,1270.0,1524.0,1482.0,1597.0,1590.0,1555.0,1603.0,1492.0,1451.0,1206.0,1100.0,1329.0,1269.0,1352.0,1361.0,1411.0,1366.0,1257.0,1258.0,1164.0,1112.0,1048.0,1000.0,1147.0,1163.0,1181.0,1299.0,1281.0,1301.0,1209.0,1365.0,1215.0,1223.0
274,"Memphis, TN",2635.0,2281.0,2544.0,2471.0,2525.0,2430.0,2563.0,2550.0,2521.0,2494.0,2470.0,2592.0,2479.0,2248.0,2693.0,3099.0,2992.0,2647.0,2709.0,2653.0,2672.0,3038.0,2897.0,2450.0,2305.0,2067.0,2043.0,2297.0,2343.0,2592.0,2530.0,2526.0,2413.0,2544.0,2425.0,2168.0
275,"Meridian, MS",,,,,,,,,,,130.0,170.0,168.0,152.0,168.0,164.0,166.0,164.0,170.0,166.0,164.0,168.0,162.0,171.0,166.0,158.0,170.0,162.0,168.0,164.0,166.0,170.0,164.0,166.0,162.0,168.0
276,"Texarkana, AR",178.0,160.0,176.0,172.0,182.0,180.0,182.0,180.0,172.0,178.0,162.0,180.0,178.0,160.0,186.0,180.0,186.0,180.0,184.0,182.0,172.0,176.0,166.0,180.0,167.0,156.0,160.0,118.0,174.0,160.0,166.0,156.0,114.0,126.0,102.0,112.0
277,"Denver, CO",35932.0,32360.0,37986.0,34919.0,38016.0,39441.0,41561.0,40388.0,37842.0,38827.0,34562.0,36438.0,34149.0,31280.0,37226.0,34981.0,36178.0,37351.0,38159.0,37737.0,34790.0,36261.0,34237.0,35977.0,35046.0,33087.0,38192.0,36076.0,38103.0,39454.0,41815.0,41750.0,38533.0,38823.0,35197.0,36285.0
278,"Norfolk, VA",1980.0,1757.0,1983.0,2137.0,2123.0,2164.0,1989.0,2050.0,2056.0,2046.0,1690.0,1638.0,1709.0,1549.0,1781.0,1753.0,1647.0,1752.0,1688.0,1765.0,1739.0,1825.0,1639.0,1727.0,1693.0,1624.0,1725.0,1928.0,1936.0,1942.0,2149.0,2086.0,1811.0,2043.0,1630.0,1603.0
279,"Colorado Springs, CO",1510.0,1316.0,1636.0,1462.0,1554.0,1590.0,1686.0,1712.0,1572.0,1586.0,1287.0,1372.0,1216.0,1095.0,1281.0,1310.0,1364.0,1358.0,1283.0,1282.0,1183.0,1217.0,1147.0,1244.0,1257.0,1129.0,1162.0,1274.0,1389.0,1406.0,1477.0,1508.0,1476.0,1471.0,1456.0,1578.0
280,"Newburgh/Poughkeepsie, NY",124.0,112.0,124.0,120.0,124.0,121.0,124.0,124.0,120.0,124.0,120.0,161.0,124.0,135.0,126.0,125.0,134.0,124.0,124.0,126.0,120.0,124.0,120.0,127.0,129.0,116.0,124.0,120.0,124.0,120.0,124.0,124.0,120.0,125.0,116.0,124.0
281,"Jacksonville/Camp Lejeune, NC",278.0,256.0,246.0,226.0,229.0,238.0,230.0,226.0,232.0,226.0,220.0,196.0,224.0,204.0,188.0,204.0,210.0,206.0,210.0,212.0,200.0,224.0,218.0,196.0,180.0,183.0,203.0,226.0,234.0,226.0,222.0,230.0,214.0,218.0,208.0,196.0
282,"Bakersfield, CA",600.0,532.0,588.0,568.0,586.0,616.0,642.0,578.0,472.0,505.0,470.0,479.0,462.0,413.0,484.0,523.0,534.0,524.0,514.0,489.0,394.0,366.0,475.0,461.0,377.0,384.0,474.0,451.0,469.0,454.0,458.0,468.0,446.0,468.0,404.0,354.0
283,"Yakutat, AK",120.0,112.0,124.0,120.0,124.0,120.0,124.0,124.0,120.0,124.0,116.0,120.0,120.0,112.0,124.0,120.0,124.0,120.0,124.0,124.0,120.0,124.0,116.0,120.0,120.0,116.0,124.0,120.0,122.0,120.0,123.0,124.0,120.0,124.0,116.0,120.0
284,"Little Rock, AR",2302.0,2088.0,2315.0,2410.0,2565.0,2585.0,2576.0,2462.0,2254.0,2217.0,2093.0,1968.0,1827.0,1642.0,1957.0,1774.0,1871.0,2131.0,2112.0,2065.0,1915.0,2098.0,1765.0,1780.0,1228.0,1173.0,1391.0,1364.0,1486.0,1406.0,1503.0,1560.0,1430.0,1543.0,1371.0,1330.0
285,"Palm Springs, CA",2306.0,2261.0,2756.0,2449.0,2143.0,1396.0,1218.0,1257.0,1356.0,1809.0,1998.0,2126.0,2157.0,2195.0,2599.0,2188.0,1706.0,915.0,870.0,906.0,970.0,1346.0,1702.0,1767.0,1955.0,2069.0,2511.0,2064.0,1686.0,1196.0,1160.0,1168.0,1184.0,1505.0,1814.0,1813.0
286,"Oakland, CA",6818.0,6210.0,7026.0,7014.0,7221.0,7604.0,7930.0,7694.0,7265.0,7447.0,7027.0,7275.0,7264.0,6478.0,7406.0,7596.0,7826.0,8107.0,8384.0,8283.0,7699.0,8028.0,7650.0,7936.0,7306.0,6731.0,7526.0,7683.0,8069.0,8746.0,9008.0,9038.0,8322.0,8655.0,8177.0,8366.0
287,"Joplin, MO",124.0,112.0,124.0,120.0,122.0,120.0,124.0,118.0,112.0,116.0,108.0,118.0,124.0,112.0,124.0,120.0,124.0,120.0,124.0,124.0,118.0,116.0,118.0,124.0,124.0,116.0,124.0,120.0,124.0,120.0,123.0,15.0,4.0,,,
288,"La Crosse, WI",106.0,78.0,124.0,186.0,170.0,262.0,294.0,302.0,236.0,188.0,188.0,216.0,230.0,220.0,375.0,261.0,226.0,323.0,324.0,336.0,296.0,332.0,328.0,372.0,98.0,130.0,170.0,95.0,175.0,46.0,166.0,178.0,167.0,68.0,99.0,119.0
289,"Grand Forks, ND",6.0,,,148.0,275.0,315.0,233.0,258.0,141.0,,102.0,63.0,100.0,99.0,6.0,111.0,103.0,163.0,67.0,151.0,180.0,179.0,231.0,224.0,187.0,221.0,335.0,282.0,168.0,299.0,240.0,230.0,165.0,347.0,317.0,320.0
290,"Tucson, AZ",2901.0,2671.0,3072.0,2827.0,2849.0,2566.0,2574.0,2457.0,2493.0,2863.0,2800.0,2924.0,2908.0,2727.0,3255.0,3056.0,2951.0,2506.0,2502.0,2540.0,2336.0,2624.0,2708.0,2744.0,2838.0,2650.0,2978.0,2629.0,2552.0,2557.0,2654.0,2577.0,2342.0,2758.0,2847.0,2789.0
291,"Salt Lake City, UT",17361.0,15614.0,18747.0,17461.0,17610.0,18994.0,20067.0,20083.0,18218.0,18459.0,16913.0,17645.0,17261.0,15730.0,18951.0,17688.0,17519.0,17955.0,19010.0,19002.0,16811.0,17527.0,16877.0,17599.0,17383.0,16545.0,19064.0,17302.0,18087.0,18617.0,19565.0,19615.0,17733.0,18410.0,17159.0,18193.0
292,"Tallahassee, FL",822.0,711.0,817.0,794.0,757.0,712.0,710.0,709.0,701.0,668.0,728.0,722.0,663.0,588.0,713.0,580.0,562.0,566.0,568.0,586.0,518.0,558.0,514.0,529.0,416.0,456.0,520.0,514.0,409.0,515.0,400.0,398.0,382.0,404.0,380.0,339.0
293,"Gunnison, CO",149.0,143.0,198.0,61.0,62.0,66.0,146.0,114.0,64.0,62.0,60.0,167.0,155.0,170.0,221.0,51.0,12.0,38.0,100.0,91.0,46.0,,4.0,104.0,96.0,86.0,98.0,10.0,,4.0,65.0,38.0,7.0,,2.0,78.0
294,"Portland, ME",673.0,714.0,766.0,857.0,981.0,1236.0,1117.0,1006.0,803.0,885.0,718.0,570.0,453.0,508.0,650.0,757.0,857.0,1107.0,1258.0,1231.0,939.0,956.0,758.0,843.0,756.0,737.0,793.0,970.0,976.0,1072.0,1358.0,1428.0,1441.0,1377.0,891.0,941.0
295,"Gulfport/Biloxi, MS",712.0,662.0,728.0,672.0,796.0,756.0,832.0,770.0,676.0,654.0,632.0,694.0,674.0,627.0,773.0,730.0,716.0,696.0,664.0,654.0,598.0,607.0,552.0,525.0,528.0,492.0,536.0,508.0,530.0,580.0,540.0,540.0,492.0,534.0,524.0,494.0
296,"Bend/Redmond, OR",556.0,483.0,548.0,592.0,650.0,643.0,670.0,646.0,353.0,355.0,346.0,353.0,330.0,305.0,368.0,352.0,359.0,453.0,486.0,462.0,378.0,400.0,394.0,418.0,366.0,332.0,366.0,350.0,110.0,601.0,666.0,638.0,536.0,546.0,520.0,544.0
297,"Newark, NJ",18522.0,17071.0,19715.0,18155.0,18083.0,19412.0,19751.0,19132.0,17296.0,17288.0,17857.0,18295.0,17402.0,16149.0,19131.0,18731.0,18526.0,19220.0,19779.0,19257.0,17422.0,19278.0,18587.0,19398.0,17062.0,17046.0,19430.0,19460.0,19008.0,19412.0,20407.0,20936.0,19454.0,20084.0,19509.0,19920.0
298,"San Antonio, TX",5462.0,4969.0,6001.0,5856.0,5822.0,5871.0,6113.0,5764.0,5376.0,5678.0,5336.0,5611.0,5178.0,4599.0,5482.0,5652.0,6019.0,5935.0,6007.0,5568.0,4940.0,5250.0,5002.0,5190.0,4682.0,4396.0,5122.0,4896.0,5438.0,5362.0,5498.0,5362.0,5037.0,5375.0,5263.0,5267.0
299,"Grand Rapids, MI",1617.0,1545.0,2011.0,2082.0,2103.0,1984.0,2082.0,2060.0,1908.0,1846.0,1874.0,1911.0,2098.0,1827.0,2146.0,2082.0,2193.0,1955.0,1957.0,2019.0,1908.0,1855.0,1794.0,1706.0,1511.0,1454.0,1585.0,1491.0,1654.0,1671.0,1383.0,1449.0,1546.0,1621.0,1584.0,1484.0
300,"Grand Island, NE",116.0,104.0,114.0,112.0,114.0,112.0,116.0,112.0,112.0,116.0,108.0,116.0,122.0,112.0,124.0,112.0,114.0,112.0,116.0,114.0,112.0,114.0,110.0,120.0,,,,,,,99.0,116.0,112.0,114.0,86.0,114.0
301,"San Juan, PR",4614.0,4107.0,4882.0,4402.0,4166.0,4641.0,4935.0,4416.0,3330.0,3509.0,3999.0,4802.0,4690.0,4005.0,4538.0,4482.0,4286.0,4661.0,5102.0,4641.0,3445.0,3744.0,4297.0,5162.0,4803.0,4339.0,4814.0,4702.0,4593.0,4803.0,5276.0,4541.0,3212.0,3518.0,4092.0,5047.0
302,"Anchorage, AK",2569.0,2262.0,2434.0,2269.0,2828.0,3544.0,3833.0,3751.0,2866.0,2442.0,2274.0,2507.0,2363.0,2056.0,2417.0,2354.0,3012.0,3785.0,4172.0,3991.0,2957.0,2466.0,2369.0,2530.0,2462.0,2249.0,2451.0,2325.0,2936.0,3926.0,4224.0,4018.0,2785.0,2390.0,2230.0,2509.0
303,"Myrtle Beach, SC",232.0,210.0,323.0,240.0,306.0,302.0,322.0,324.0,358.0,346.0,240.0,229.0,534.0,591.0,898.0,964.0,1154.0,1140.0,1178.0,1150.0,972.0,1014.0,596.0,484.0,456.0,576.0,950.0,1098.0,1208.0,1218.0,1355.0,1330.0,1062.0,1044.0,666.0,544.0
304,"Columbia, SC",1145.0,1032.0,1243.0,1220.0,1248.0,1222.0,1231.0,1216.0,1185.0,1186.0,1034.0,1108.0,1063.0,964.0,1030.0,914.0,932.0,919.0,921.0,930.0,889.0,868.0,886.0,851.0,855.0,830.0,914.0,777.0,748.0,713.0,743.0,740.0,684.0,567.0,669.0,627.0
305,"Dallas, TX",7724.0,7001.0,7812.0,7766.0,7869.0,7679.0,7861.0,7419.0,7165.0,8629.0,9586.0,10091.0,10305.0,9394.0,10271.0,10301.0,10873.0,10816.0,11163.0,11609.0,11474.0,11860.0,11456.0,11740.0,11590.0,10872.0,11863.0,11273.0,11534.0,11436.0,11632.0,11724.0,11312.0,11630.0,11423.0,11636.0
306,"Grand Junction, CO",533.0,497.0,664.0,532.0,606.0,776.0,659.0,644.0,662.0,668.0,519.0,662.0,558.0,459.0,586.0,551.0,625.0,690.0,577.0,590.0,598.0,542.0,528.0,596.0,376.0,391.0,531.0,475.0,651.0,561.0,528.0,507.0,449.0,560.0,452.0,358.0
307,"Eau Claire, WI",124.0,112.0,124.0,120.0,124.0,120.0,124.0,124.0,120.0,124.0,120.0,124.0,124.0,112.0,125.0,120.0,124.0,120.0,124.0,124.0,119.0,124.0,120.0,124.0,124.0,110.0,116.0,110.0,116.0,112.0,114.0,116.0,112.0,114.0,110.0,112.0
308,"Atlantic City, NJ",,,,120.0,124.0,120.0,124.0,124.0,120.0,124.0,120.0,7.0,682.0,616.0,721.0,720.0,693.0,660.0,682.0,682.0,535.0,496.0,556.0,596.0,620.0,580.0,620.0,633.0,682.0,660.0,682.0,682.0,521.0,496.0,564.0,646.0
309,"Albany, GA",178.0,150.0,176.0,168.0,168.0,168.0,172.0,171.0,169.0,171.0,158.0,156.0,163.0,150.0,176.0,168.0,158.0,154.0,154.0,160.0,156.0,174.0,162.0,151.0,159.0,156.0,178.0,170.0,172.0,172.0,172.0,178.0,168.0,176.0,158.0,146.0
310,"Ithaca/Cortland, NY",,,,,,,,,,,,,,12.0,,12.0,,,,,,,,45.0,118.0,146.0,150.0,170.0,172.0,172.0,88.0,116.0,172.0,174.0,162.0,168.0
311,"Burbank, CA",3460.0,3150.0,3547.0,3533.0,3662.0,3639.0,3772.0,3697.0,3492.0,3606.0,3378.0,3430.0,3406.0,3060.0,3514.0,3409.0,3440.0,3472.0,3642.0,3559.0,3396.0,3535.0,3401.0,3480.0,3566.0,3376.0,3664.0,3656.0,3774.0,3806.0,3838.0,3999.0,3764.0,3858.0,3748.0,4004.0
312,"Amarillo, TX",1283.0,1175.0,1265.0,1217.0,1230.0,1236.0,1264.0,1211.0,1165.0,1240.0,1095.0,1145.0,1050.0,930.0,970.0,689.0,670.0,954.0,907.0,633.0,577.0,614.0,529.0,520.0,492.0,447.0,510.0,449.0,520.0,501.0,527.0,542.0,514.0,616.0,532.0,497.0
313,"Milwaukee, WI",5302.0,4820.0,6012.0,5734.0,5797.0,6016.0,6236.0,5877.0,5357.0,5567.0,5186.0,5403.0,5141.0,4681.0,5935.0,5652.0,5606.0,5600.0,5795.0,5518.0,5109.0,5286.0,5405.0,5216.0,5409.0,5158.0,5900.0,5512.0,5532.0,5865.0,5878.0,5665.0,5126.0,5175.0,4955.0,4977.0
314,"Hattiesburg/Laurel, MS",,,,,,,,,,,81.0,108.0,106.0,96.0,106.0,104.0,104.0,104.0,108.0,104.0,104.0,106.0,102.0,108.0,104.0,100.0,108.0,102.0,106.0,104.0,104.0,108.0,104.0,104.0,104.0,106.0
315,"Ontario, CA",3365.0,2997.0,3430.0,3423.0,3501.0,3510.0,3606.0,3527.0,3343.0,3567.0,3344.0,3359.0,3179.0,2826.0,3114.0,3357.0,3484.0,3385.0,3460.0,3453.0,3322.0,3484.0,3245.0,3132.0,3196.0,2990.0,3300.0,3293.0,3477.0,3263.0,3248.0,3341.0,3190.0,3309.0,3218.0,3459.0
316,"Charleston/Dunbar, WV",511.0,474.0,529.0,574.0,590.0,588.0,622.0,624.0,548.0,427.0,394.0,416.0,352.0,342.0,474.0,474.0,484.0,460.0,446.0,454.0,426.0,448.0,433.0,426.0,392.0,362.0,410.0,444.0,472.0,472.0,463.0,455.0,426.0,439.0,404.0,365.0
317,"Syracuse, NY",1104.0,962.0,943.0,1012.0,1081.0,1220.0,1100.0,1154.0,1044.0,1211.0,1144.0,946.0,927.0,844.0,1000.0,833.0,953.0,970.0,1077.0,1143.0,1065.0,1279.0,1191.0,1215.0,916.0,794.0,1195.0,926.0,1039.0,869.0,1137.0,1096.0,993.0,949.0,932.0,917.0
318,"Kalamazoo, MI",27.0,34.0,255.0,284.0,296.0,336.0,560.0,495.0,296.0,415.0,351.0,309.0,424.0,308.0,387.0,294.0,266.0,322.0,260.0,285.0,321.0,242.0,384.0,440.0,413.0,405.0,425.0,417.0,285.0,268.0,307.0,341.0,274.0,397.0,349.0,275.0
319,"Waterloo, IA",116.0,104.0,114.0,112.0,114.0,112.0,114.0,114.0,112.0,116.0,108.0,120.0,116.0,104.0,116.0,112.0,112.0,112.0,116.0,114.0,106.0,113.0,111.0,116.0,,,,,,,,,,,,
320,"Tyler, TX",463.0,416.0,443.0,425.0,453.0,454.0,466.0,449.0,437.0,470.0,422.0,416.0,387.0,362.0,417.0,403.0,439.0,449.0,466.0,451.0,430.0,454.0,414.0,381.0,342.0,331.0,107.0,12.0,2.0,,,,,,,34.0
321,"Arcata/Eureka, CA",538.0,471.0,526.0,516.0,529.0,505.0,520.0,540.0,569.0,573.0,496.0,339.0,299.0,262.0,202.0,226.0,196.0,220.0,245.0,245.0,228.0,244.0,266.0,250.0,250.0,232.0,190.0,232.0,248.0,240.0,242.0,253.0,240.0,252.0,238.0,218.0
322,"Helena, MT",236.0,196.0,297.0,209.0,234.0,283.0,300.0,298.0,233.0,228.0,216.0,206.0,220.0,210.0,230.0,271.0,286.0,278.0,292.0,292.0,273.0,282.0,280.0,237.0,237.0,244.0,292.0,282.0,291.0,289.0,296.0,302.0,288.0,300.0,280.0,254.0
323,"Madison, WI",1569.0,1557.0,1593.0,1511.0,1809.0,1921.0,1741.0,1872.0,2069.0,1947.0,1942.0,1717.0,1643.0,1576.0,1731.0,1510.0,1702.0,1824.0,1849.0,1762.0,1696.0,1675.0,1487.0,1484.0,1153.0,1170.0,1189.0,1305.0,1172.0,1338.0,1385.0,1408.0,1349.0,1321.0,1187.0,1091.0
324,"Yuma, AZ",528.0,454.0,528.0,516.0,524.0,516.0,478.0,467.0,461.0,540.0,500.0,363.0,331.0,312.0,372.0,356.0,354.0,342.0,354.0,348.0,314.0,354.0,320.0,352.0,354.0,330.0,354.0,348.0,348.0,334.0,340.0,336.0,308.0,342.0,290.0,236.0
325,"Pueblo, CO",,,,104.0,106.0,102.0,107.0,104.0,104.0,108.0,100.0,108.0,106.0,96.0,106.0,104.0,104.0,12.0,,,,,,,,,,,,,,,,,,
